-- MySQL dump 10.13  Distrib 5.7.24, for osx11.1 (x86_64)
--
-- Host: localhost    Database: neoai
-- ------------------------------------------------------
-- Server version	8.3.0

/*!40101 SET @OLD_CHARACTER_SET_CLIENT=@@CHARACTER_SET_CLIENT */;
/*!40101 SET @OLD_CHARACTER_SET_RESULTS=@@CHARACTER_SET_RESULTS */;
/*!40101 SET @OLD_COLLATION_CONNECTION=@@COLLATION_CONNECTION */;
/*!40101 SET NAMES utf8 */;
/*!40103 SET @OLD_TIME_ZONE=@@TIME_ZONE */;
/*!40103 SET TIME_ZONE='+00:00' */;
/*!40014 SET @OLD_UNIQUE_CHECKS=@@UNIQUE_CHECKS, UNIQUE_CHECKS=0 */;
/*!40014 SET @OLD_FOREIGN_KEY_CHECKS=@@FOREIGN_KEY_CHECKS, FOREIGN_KEY_CHECKS=0 */;
/*!40101 SET @OLD_SQL_MODE=@@SQL_MODE, SQL_MODE='NO_AUTO_VALUE_ON_ZERO' */;
/*!40111 SET @OLD_SQL_NOTES=@@SQL_NOTES, SQL_NOTES=0 */;

--
-- Current Database: `neoai`
--

CREATE DATABASE /*!32312 IF NOT EXISTS*/ `neoai` /*!40100 DEFAULT CHARACTER SET utf8mb4 COLLATE utf8mb4_0900_ai_ci */ /*!80016 DEFAULT ENCRYPTION='N' */;

USE `neoai`;

--
-- Table structure for table `account_emailaddress`
--

DROP TABLE IF EXISTS `account_emailaddress`;
/*!40101 SET @saved_cs_client     = @@character_set_client */;
/*!40101 SET character_set_client = utf8 */;
CREATE TABLE `account_emailaddress` (
  `id` int NOT NULL AUTO_INCREMENT,
  `email` varchar(254) NOT NULL,
  `verified` tinyint(1) NOT NULL,
  `primary` tinyint(1) NOT NULL,
  `user_id` int NOT NULL,
  PRIMARY KEY (`id`),
  UNIQUE KEY `account_emailaddress_user_id_email_987c8728_uniq` (`user_id`,`email`),
  KEY `account_emailaddress_upper` ((upper(`email`))),
  CONSTRAINT `account_emailaddress_user_id_2c513194_fk_auth_user_id` FOREIGN KEY (`user_id`) REFERENCES `auth_user` (`id`)
) ENGINE=InnoDB AUTO_INCREMENT=2 DEFAULT CHARSET=utf8mb4 COLLATE=utf8mb4_0900_ai_ci;
/*!40101 SET character_set_client = @saved_cs_client */;

--
-- Dumping data for table `account_emailaddress`
--

LOCK TABLES `account_emailaddress` WRITE;
/*!40000 ALTER TABLE `account_emailaddress` DISABLE KEYS */;
/*!40000 ALTER TABLE `account_emailaddress` ENABLE KEYS */;
UNLOCK TABLES;

--
-- Table structure for table `account_emailconfirmation`
--

DROP TABLE IF EXISTS `account_emailconfirmation`;
/*!40101 SET @saved_cs_client     = @@character_set_client */;
/*!40101 SET character_set_client = utf8 */;
CREATE TABLE `account_emailconfirmation` (
  `id` int NOT NULL AUTO_INCREMENT,
  `created` datetime(6) NOT NULL,
  `sent` datetime(6) DEFAULT NULL,
  `key` varchar(64) NOT NULL,
  `email_address_id` int NOT NULL,
  PRIMARY KEY (`id`),
  UNIQUE KEY `key` (`key`),
  KEY `account_emailconfirm_email_address_id_5b7f8c58_fk_account_e` (`email_address_id`),
  CONSTRAINT `account_emailconfirm_email_address_id_5b7f8c58_fk_account_e` FOREIGN KEY (`email_address_id`) REFERENCES `account_emailaddress` (`id`)
) ENGINE=InnoDB DEFAULT CHARSET=utf8mb4 COLLATE=utf8mb4_0900_ai_ci;
/*!40101 SET character_set_client = @saved_cs_client */;

--
-- Dumping data for table `account_emailconfirmation`
--

LOCK TABLES `account_emailconfirmation` WRITE;
/*!40000 ALTER TABLE `account_emailconfirmation` DISABLE KEYS */;
/*!40000 ALTER TABLE `account_emailconfirmation` ENABLE KEYS */;
UNLOCK TABLES;

--
-- Table structure for table `auth_group`
--

DROP TABLE IF EXISTS `auth_group`;
/*!40101 SET @saved_cs_client     = @@character_set_client */;
/*!40101 SET character_set_client = utf8 */;
CREATE TABLE `auth_group` (
  `id` int NOT NULL AUTO_INCREMENT,
  `name` varchar(150) NOT NULL,
  PRIMARY KEY (`id`),
  UNIQUE KEY `name` (`name`)
) ENGINE=InnoDB DEFAULT CHARSET=utf8mb4 COLLATE=utf8mb4_0900_ai_ci;
/*!40101 SET character_set_client = @saved_cs_client */;

--
-- Dumping data for table `auth_group`
--

LOCK TABLES `auth_group` WRITE;
/*!40000 ALTER TABLE `auth_group` DISABLE KEYS */;
/*!40000 ALTER TABLE `auth_group` ENABLE KEYS */;
UNLOCK TABLES;

--
-- Table structure for table `auth_group_permissions`
--

DROP TABLE IF EXISTS `auth_group_permissions`;
/*!40101 SET @saved_cs_client     = @@character_set_client */;
/*!40101 SET character_set_client = utf8 */;
CREATE TABLE `auth_group_permissions` (
  `id` bigint NOT NULL AUTO_INCREMENT,
  `group_id` int NOT NULL,
  `permission_id` int NOT NULL,
  PRIMARY KEY (`id`),
  UNIQUE KEY `auth_group_permissions_group_id_permission_id_0cd325b0_uniq` (`group_id`,`permission_id`),
  KEY `auth_group_permissio_permission_id_84c5c92e_fk_auth_perm` (`permission_id`),
  CONSTRAINT `auth_group_permissio_permission_id_84c5c92e_fk_auth_perm` FOREIGN KEY (`permission_id`) REFERENCES `auth_permission` (`id`),
  CONSTRAINT `auth_group_permissions_group_id_b120cbf9_fk_auth_group_id` FOREIGN KEY (`group_id`) REFERENCES `auth_group` (`id`)
) ENGINE=InnoDB DEFAULT CHARSET=utf8mb4 COLLATE=utf8mb4_0900_ai_ci;
/*!40101 SET character_set_client = @saved_cs_client */;

--
-- Dumping data for table `auth_group_permissions`
--

LOCK TABLES `auth_group_permissions` WRITE;
/*!40000 ALTER TABLE `auth_group_permissions` DISABLE KEYS */;
/*!40000 ALTER TABLE `auth_group_permissions` ENABLE KEYS */;
UNLOCK TABLES;

--
-- Table structure for table `auth_permission`
--

DROP TABLE IF EXISTS `auth_permission`;
/*!40101 SET @saved_cs_client     = @@character_set_client */;
/*!40101 SET character_set_client = utf8 */;
CREATE TABLE `auth_permission` (
  `id` int NOT NULL AUTO_INCREMENT,
  `name` varchar(255) NOT NULL,
  `content_type_id` int NOT NULL,
  `codename` varchar(100) NOT NULL,
  PRIMARY KEY (`id`),
  UNIQUE KEY `auth_permission_content_type_id_codename_01ab375a_uniq` (`content_type_id`,`codename`),
  CONSTRAINT `auth_permission_content_type_id_2f476e4b_fk_django_co` FOREIGN KEY (`content_type_id`) REFERENCES `django_content_type` (`id`)
) ENGINE=InnoDB AUTO_INCREMENT=78 DEFAULT CHARSET=utf8mb4 COLLATE=utf8mb4_0900_ai_ci;
/*!40101 SET character_set_client = @saved_cs_client */;

--
-- Dumping data for table `auth_permission`
--

LOCK TABLES `auth_permission` WRITE;
/*!40000 ALTER TABLE `auth_permission` DISABLE KEYS */;
INSERT INTO `auth_permission` VALUES (1,'Can add log entry',1,'add_logentry'),(2,'Can change log entry',1,'change_logentry'),(3,'Can delete log entry',1,'delete_logentry'),(4,'Can view log entry',1,'view_logentry'),(5,'Can add permission',2,'add_permission'),(6,'Can change permission',2,'change_permission'),(7,'Can delete permission',2,'delete_permission'),(8,'Can view permission',2,'view_permission'),(9,'Can add group',3,'add_group'),(10,'Can change group',3,'change_group'),(11,'Can delete group',3,'delete_group'),(12,'Can view group',3,'view_group'),(13,'Can add user',4,'add_user'),(14,'Can change user',4,'change_user'),(15,'Can delete user',4,'delete_user'),(16,'Can view user',4,'view_user'),(17,'Can add person',5,'add_person'),(18,'Can change person',5,'change_person'),(19,'Can delete person',5,'delete_person'),(20,'Can view person',5,'view_person'),(21,'Can add user profile',6,'add_userprofile'),(22,'Can change user profile',6,'change_userprofile'),(23,'Can delete user profile',6,'delete_userprofile'),(24,'Can view user profile',6,'view_userprofile'),(25,'Can add user notification',7,'add_usernotification'),(26,'Can change user notification',7,'change_usernotification'),(27,'Can delete user notification',7,'delete_usernotification'),(28,'Can view user notification',7,'view_usernotification'),(29,'Can add ai model',8,'add_aimodel'),(30,'Can change ai model',8,'change_aimodel'),(31,'Can delete ai model',8,'delete_aimodel'),(32,'Can view ai model',8,'view_aimodel'),(33,'Can add user ai model',9,'add_useraimodel'),(34,'Can change user ai model',9,'change_useraimodel'),(35,'Can delete user ai model',9,'delete_useraimodel'),(36,'Can view user ai model',9,'view_useraimodel'),(37,'Can add content type',10,'add_contenttype'),(38,'Can change content type',10,'change_contenttype'),(39,'Can delete content type',10,'delete_contenttype'),(40,'Can view content type',10,'view_contenttype'),(41,'Can add session',11,'add_session'),(42,'Can change session',11,'change_session'),(43,'Can delete session',11,'delete_session'),(44,'Can view session',11,'view_session'),(45,'Can add site',12,'add_site'),(46,'Can change site',12,'change_site'),(47,'Can delete site',12,'delete_site'),(48,'Can view site',12,'view_site'),(49,'Can add email address',13,'add_emailaddress'),(50,'Can change email address',13,'change_emailaddress'),(51,'Can delete email address',13,'delete_emailaddress'),(52,'Can view email address',13,'view_emailaddress'),(53,'Can add email confirmation',14,'add_emailconfirmation'),(54,'Can change email confirmation',14,'change_emailconfirmation'),(55,'Can delete email confirmation',14,'delete_emailconfirmation'),(56,'Can view email confirmation',14,'view_emailconfirmation'),(57,'Can add social account',15,'add_socialaccount'),(58,'Can change social account',15,'change_socialaccount'),(59,'Can delete social account',15,'delete_socialaccount'),(60,'Can view social account',15,'view_socialaccount'),(61,'Can add social application',16,'add_socialapp'),(62,'Can change social application',16,'change_socialapp'),(63,'Can delete social application',16,'delete_socialapp'),(64,'Can view social application',16,'view_socialapp'),(65,'Can add social application token',17,'add_socialtoken'),(66,'Can change social application token',17,'change_socialtoken'),(67,'Can delete social application token',17,'delete_socialtoken'),(68,'Can view social application token',17,'view_socialtoken'),(69,'Can add blacklisted token',18,'add_blacklistedtoken'),(70,'Can change blacklisted token',18,'change_blacklistedtoken'),(71,'Can delete blacklisted token',18,'delete_blacklistedtoken'),(72,'Can view blacklisted token',18,'view_blacklistedtoken'),(73,'Can add outstanding token',19,'add_outstandingtoken'),(74,'Can change outstanding token',19,'change_outstandingtoken'),(75,'Can delete outstanding token',19,'delete_outstandingtoken'),(76,'Can view outstanding token',19,'view_outstandingtoken'),(77,'Can view',8,'can_view');
/*!40000 ALTER TABLE `auth_permission` ENABLE KEYS */;
UNLOCK TABLES;

--
-- Table structure for table `auth_user`
--

DROP TABLE IF EXISTS `auth_user`;
/*!40101 SET @saved_cs_client     = @@character_set_client */;
/*!40101 SET character_set_client = utf8 */;
CREATE TABLE `auth_user` (
  `id` int NOT NULL AUTO_INCREMENT,
  `password` varchar(128) NOT NULL,
  `last_login` datetime(6) DEFAULT NULL,
  `is_superuser` tinyint(1) NOT NULL,
  `username` varchar(150) NOT NULL,
  `first_name` varchar(150) NOT NULL,
  `last_name` varchar(150) NOT NULL,
  `email` varchar(254) NOT NULL,
  `is_staff` tinyint(1) NOT NULL,
  `is_active` tinyint(1) NOT NULL,
  `date_joined` datetime(6) NOT NULL,
  PRIMARY KEY (`id`),
  UNIQUE KEY `username` (`username`)
) ENGINE=InnoDB AUTO_INCREMENT=44 DEFAULT CHARSET=utf8mb4 COLLATE=utf8mb4_0900_ai_ci;
/*!40101 SET character_set_client = @saved_cs_client */;

--
-- Dumping data for table `auth_user`
--

LOCK TABLES `auth_user` WRITE;
/*!40000 ALTER TABLE `auth_user` DISABLE KEYS */;
INSERT INTO `auth_user` VALUES (1,'pbkdf2_sha256$600000$bbOWFtL3Pszg7QHOHYMc9q$pNqD6nETKbOPthnMTKxsooiIhAvuidTWTzojEjeQgoE=','2024-03-02 01:42:15.677687',1,'neo','Neo','Bruno','bohomolyulian3022003@gmail.com',1,1,'2024-01-22 12:13:50.392801'),(26,'pbkdf2_sha256$600000$BNS40JoI4tDXvNr1gCwpLt$S5BWS2mNsVMSQM1xMqqfqQVvaTSD/hQXR8O2i1+K/Vk=',NULL,0,'neo3','','','',0,1,'2024-01-29 11:48:01.088966'),(30,'pbkdf2_sha256$600000$T5eIFYDJzG8Z3541I67KEK$ej73SYeQ4j/BbSzTW1/QkdjMnBjinqahu7GWxOc7etw=',NULL,0,'neo4','','','',0,1,'2024-01-29 11:58:12.638860'),(31,'pbkdf2_sha256$600000$sxdASBGwvxSut182f92Kft$JsESlzLJXKwpUxa+dmOwr0YzEqWIJEmGAsGOrrhpAWo=',NULL,0,'neo5','','','',0,1,'2024-01-29 11:58:53.725040'),(32,'pbkdf2_sha256$600000$ncKyGObJ2DLkAjNU6Zgv9v$8E9ys1Uht45lJtwiY2kMe93dOHkLXxdPa67T5kkZvq0=',NULL,0,'neo6','','','',0,1,'2024-01-29 11:59:09.020563'),(34,'pbkdf2_sha256$600000$3Xmq73NXS3Y4IXAtjqaJwv$NkhQCd9H4gK9avq8L5pg8LRrZjn/RFxUbUdMxLgtPYQ=',NULL,0,'neo7','','','',0,1,'2024-01-29 12:01:17.286315'),(35,'pbkdf2_sha256$600000$Vu16FmPetuyaWmup8H1Lzk$sFBm1c36dAFzMn/NbEu6Av4+wGQooVeIxMRpmDD+fjE=',NULL,0,'neo9','','','',0,1,'2024-01-29 12:01:48.526478'),(37,'pbkdf2_sha256$600000$YBXBfj3EwAr4m3HjxQKmVi$OcIqa7EQrOizhcjA2N7Yjx3eJ4qGABExkx65ggVruS4=',NULL,0,'neo8','','','',0,1,'2024-01-31 13:01:19.709915'),(38,'pbkdf2_sha256$600000$ubQzJH7Q8NT9GSnpCs4Pkh$JSftaoFwdZS1D24ZFcK1IoBr3rk2nOZmUXXMXcaQd/U=',NULL,0,'neo12','','','',0,1,'2024-01-31 13:16:28.756711'),(39,'pbkdf2_sha256$600000$u35mXBSoFhhHnivltCDRWq$Hf+g+gjIQ5boy0lIPbrXVefbh99GOD1MM8tDSeGczFA=',NULL,0,'neo23','','','',0,1,'2024-01-31 13:50:22.365802'),(40,'pbkdf2_sha256$600000$e6nHASuMgGlLAjFywEHlbT$WrAxxkF/YGtHqARol5GL/Coer4Ftf/gXBcvETn95SdU=',NULL,0,'neosdfsdf','','','',0,1,'2024-01-31 14:09:57.503907'),(42,'',NULL,0,'neobruno','','','',0,1,'2024-02-01 11:58:08.010233');
/*!40000 ALTER TABLE `auth_user` ENABLE KEYS */;
UNLOCK TABLES;

--
-- Table structure for table `auth_user_groups`
--

DROP TABLE IF EXISTS `auth_user_groups`;
/*!40101 SET @saved_cs_client     = @@character_set_client */;
/*!40101 SET character_set_client = utf8 */;
CREATE TABLE `auth_user_groups` (
  `id` bigint NOT NULL AUTO_INCREMENT,
  `user_id` int NOT NULL,
  `group_id` int NOT NULL,
  PRIMARY KEY (`id`),
  UNIQUE KEY `auth_user_groups_user_id_group_id_94350c0c_uniq` (`user_id`,`group_id`),
  KEY `auth_user_groups_group_id_97559544_fk_auth_group_id` (`group_id`),
  CONSTRAINT `auth_user_groups_group_id_97559544_fk_auth_group_id` FOREIGN KEY (`group_id`) REFERENCES `auth_group` (`id`),
  CONSTRAINT `auth_user_groups_user_id_6a12ed8b_fk_auth_user_id` FOREIGN KEY (`user_id`) REFERENCES `auth_user` (`id`)
) ENGINE=InnoDB DEFAULT CHARSET=utf8mb4 COLLATE=utf8mb4_0900_ai_ci;
/*!40101 SET character_set_client = @saved_cs_client */;

--
-- Dumping data for table `auth_user_groups`
--

LOCK TABLES `auth_user_groups` WRITE;
/*!40000 ALTER TABLE `auth_user_groups` DISABLE KEYS */;
/*!40000 ALTER TABLE `auth_user_groups` ENABLE KEYS */;
UNLOCK TABLES;

--
-- Table structure for table `auth_user_user_permissions`
--

DROP TABLE IF EXISTS `auth_user_user_permissions`;
/*!40101 SET @saved_cs_client     = @@character_set_client */;
/*!40101 SET character_set_client = utf8 */;
CREATE TABLE `auth_user_user_permissions` (
  `id` bigint NOT NULL AUTO_INCREMENT,
  `user_id` int NOT NULL,
  `permission_id` int NOT NULL,
  PRIMARY KEY (`id`),
  UNIQUE KEY `auth_user_user_permissions_user_id_permission_id_14a6b632_uniq` (`user_id`,`permission_id`),
  KEY `auth_user_user_permi_permission_id_1fbb5f2c_fk_auth_perm` (`permission_id`),
  CONSTRAINT `auth_user_user_permi_permission_id_1fbb5f2c_fk_auth_perm` FOREIGN KEY (`permission_id`) REFERENCES `auth_permission` (`id`),
  CONSTRAINT `auth_user_user_permissions_user_id_a95ead1b_fk_auth_user_id` FOREIGN KEY (`user_id`) REFERENCES `auth_user` (`id`)
) ENGINE=InnoDB DEFAULT CHARSET=utf8mb4 COLLATE=utf8mb4_0900_ai_ci;
/*!40101 SET character_set_client = @saved_cs_client */;

--
-- Dumping data for table `auth_user_user_permissions`
--

LOCK TABLES `auth_user_user_permissions` WRITE;
/*!40000 ALTER TABLE `auth_user_user_permissions` DISABLE KEYS */;
/*!40000 ALTER TABLE `auth_user_user_permissions` ENABLE KEYS */;
UNLOCK TABLES;

--
-- Table structure for table `builtin_model_aimodel`
--

DROP TABLE IF EXISTS `builtin_model_aimodel`;
/*!40101 SET @saved_cs_client     = @@character_set_client */;
/*!40101 SET character_set_client = utf8 */;
CREATE TABLE `builtin_model_aimodel` (
  `id` bigint NOT NULL AUTO_INCREMENT,
  `name` varchar(40) NOT NULL,
  `desc_name` varchar(80) NOT NULL,
  `image` varchar(100) NOT NULL,
  `description` varchar(256) DEFAULT NULL,
  PRIMARY KEY (`id`)
) ENGINE=InnoDB AUTO_INCREMENT=3 DEFAULT CHARSET=utf8mb4 COLLATE=utf8mb4_0900_ai_ci;
/*!40101 SET character_set_client = @saved_cs_client */;

--
-- Dumping data for table `builtin_model_aimodel`
--

LOCK TABLES `builtin_model_aimodel` WRITE;
/*!40000 ALTER TABLE `builtin_model_aimodel` DISABLE KEYS */;
INSERT INTO `builtin_model_aimodel` VALUES (1,'ClModel','BrainTumorClassification','models_images/BrainTumorClassification.jpg','A multiclass MRI brain tumor classification model, which is trained on thousands of medical images. It classifies given image into 4 categories: 0 - glioma, 1 - meningioma, 2 - no tumors detected and 3 - petituary'),(2,'BrainTumorMriSegmentationUnet','BrainTumorSegmentation','models_images/images.jpeg','This model segments different areas of a detected brain tumor');
/*!40000 ALTER TABLE `builtin_model_aimodel` ENABLE KEYS */;
UNLOCK TABLES;

--
-- Table structure for table `django_admin_log`
--

DROP TABLE IF EXISTS `django_admin_log`;
/*!40101 SET @saved_cs_client     = @@character_set_client */;
/*!40101 SET character_set_client = utf8 */;
CREATE TABLE `django_admin_log` (
  `id` int NOT NULL AUTO_INCREMENT,
  `action_time` datetime(6) NOT NULL,
  `object_id` longtext,
  `object_repr` varchar(200) NOT NULL,
  `action_flag` smallint unsigned NOT NULL,
  `change_message` longtext NOT NULL,
  `content_type_id` int DEFAULT NULL,
  `user_id` int NOT NULL,
  PRIMARY KEY (`id`),
  KEY `django_admin_log_content_type_id_c4bce8eb_fk_django_co` (`content_type_id`),
  KEY `django_admin_log_user_id_c564eba6_fk_auth_user_id` (`user_id`),
  CONSTRAINT `django_admin_log_content_type_id_c4bce8eb_fk_django_co` FOREIGN KEY (`content_type_id`) REFERENCES `django_content_type` (`id`),
  CONSTRAINT `django_admin_log_user_id_c564eba6_fk_auth_user_id` FOREIGN KEY (`user_id`) REFERENCES `auth_user` (`id`),
  CONSTRAINT `django_admin_log_chk_1` CHECK ((`action_flag` >= 0))
) ENGINE=InnoDB AUTO_INCREMENT=42 DEFAULT CHARSET=utf8mb4 COLLATE=utf8mb4_0900_ai_ci;
/*!40101 SET character_set_client = @saved_cs_client */;

--
-- Dumping data for table `django_admin_log`
--

LOCK TABLES `django_admin_log` WRITE;
/*!40000 ALTER TABLE `django_admin_log` DISABLE KEYS */;
INSERT INTO `django_admin_log` VALUES (1,'2024-01-22 12:14:17.288313','2','127.0.0.1:8000',2,'[{\"changed\": {\"fields\": [\"Domain name\", \"Display name\"]}}]',12,1),(2,'2024-01-22 12:14:35.368646','1','google login',1,'[{\"added\": {}}]',16,1),(3,'2024-01-22 12:14:52.153464','2','github login',1,'[{\"added\": {}}]',16,1),(4,'2024-01-29 11:17:02.485851','12','neo10',3,'',4,1),(5,'2024-01-29 11:17:02.487993','3','neo2',3,'',4,1),(6,'2024-01-29 11:17:02.489050','7','neo3',3,'',4,1),(7,'2024-01-29 11:17:02.490139','8','neo5',3,'',4,1),(8,'2024-01-29 11:17:02.491486','9','neo6',3,'',4,1),(9,'2024-01-29 11:17:02.492502','10','neo7',3,'',4,1),(10,'2024-01-29 11:17:02.493516','11','neo9',3,'',4,1),(11,'2024-01-29 11:17:02.494304','2','yulianbohomol3022003',3,'',4,1),(12,'2024-01-30 10:23:17.257890','1','ClModel',1,'[{\"added\": {}}]',8,1),(13,'2024-01-30 10:45:11.672309','1','UserAiModel object (1)',1,'[{\"added\": {}}]',9,1),(14,'2024-02-04 10:08:06.138448','1','ClModel',2,'[{\"changed\": {\"fields\": [\"Description\"]}}]',8,1),(15,'2024-02-04 10:11:28.572811','1','ClModel',2,'[{\"changed\": {\"fields\": [\"Description\"]}}]',8,1),(16,'2024-02-04 10:23:24.835284','1','UserNotification object (1)',1,'[{\"added\": {}}]',7,1),(17,'2024-02-04 11:24:27.296940','2','UserNotification object (2)',1,'[{\"added\": {}}]',7,1),(18,'2024-02-04 11:33:03.484412','3','UserNotification object (3)',1,'[{\"added\": {}}]',7,1),(19,'2024-02-04 11:34:02.895064','4','UserNotification object (4)',1,'[{\"added\": {}}]',7,1),(20,'2024-02-04 11:36:34.587248','5','UserNotification object (5)',1,'[{\"added\": {}}]',7,1),(21,'2024-02-04 11:37:37.942012','6','UserNotification object (6)',1,'[{\"added\": {}}]',7,1),(22,'2024-02-04 11:49:12.307473','7','UserNotification object (7)',1,'[{\"added\": {}}]',7,1),(23,'2024-02-04 11:55:15.355730','8','UserNotification object (8)',1,'[{\"added\": {}}]',7,1),(24,'2024-02-04 11:59:07.447964','9','UserNotification object (9)',1,'[{\"added\": {}}]',7,1),(25,'2024-02-04 12:00:55.468512','10','UserNotification object (10)',1,'[{\"added\": {}}]',7,1),(26,'2024-02-04 12:00:58.440881','11','UserNotification object (11)',1,'[{\"added\": {}}]',7,1),(27,'2024-02-04 12:06:16.315743','12','UserNotification object (12)',1,'[{\"added\": {}}]',7,1),(28,'2024-02-04 12:07:02.600117','13','UserNotification object (13)',1,'[{\"added\": {}}]',7,1),(29,'2024-02-04 12:08:16.383358','14','UserNotification object (14)',1,'[{\"added\": {}}]',7,1),(30,'2024-02-04 12:22:37.102899','15','UserNotification object (15)',1,'[{\"added\": {}}]',7,1),(31,'2024-02-04 12:22:48.946179','16','UserNotification object (16)',1,'[{\"added\": {}}]',7,1),(32,'2024-02-04 12:22:52.054258','17','UserNotification object (17)',1,'[{\"added\": {}}]',7,1),(33,'2024-02-04 17:01:53.085398','18','UserNotification object (18)',1,'[{\"added\": {}}]',7,1),(34,'2024-02-04 17:04:19.516386','19','UserNotification object (19)',1,'[{\"added\": {}}]',7,1),(35,'2024-02-04 17:04:43.442328','19','UserNotification object (19)',2,'[{\"changed\": {\"fields\": [\"Message\"]}}]',7,1),(36,'2024-02-04 17:05:33.504456','19','UserNotification object (19)',2,'[{\"changed\": {\"fields\": [\"Message\"]}}]',7,1),(37,'2024-02-04 17:06:09.102410','19','UserNotification object (19)',2,'[{\"changed\": {\"fields\": [\"Message\"]}}]',7,1),(38,'2024-02-04 17:06:45.718706','20','UserNotification object (20)',1,'[{\"added\": {}}]',7,1),(39,'2024-02-24 02:48:13.655635','2','BrainTumorMriSegmentationUnet',1,'[{\"added\": {}}]',8,1),(40,'2024-02-24 02:48:47.700310','2','BrainTumorMriSegmentationUnet',2,'[{\"changed\": {\"fields\": [\"Description Name\"]}}]',8,1),(41,'2024-03-02 01:42:23.949606','21','UserNotification object (21)',1,'[{\"added\": {}}]',7,1);
/*!40000 ALTER TABLE `django_admin_log` ENABLE KEYS */;
UNLOCK TABLES;

--
-- Table structure for table `django_content_type`
--

DROP TABLE IF EXISTS `django_content_type`;
/*!40101 SET @saved_cs_client     = @@character_set_client */;
/*!40101 SET character_set_client = utf8 */;
CREATE TABLE `django_content_type` (
  `id` int NOT NULL AUTO_INCREMENT,
  `app_label` varchar(100) NOT NULL,
  `model` varchar(100) NOT NULL,
  PRIMARY KEY (`id`),
  UNIQUE KEY `django_content_type_app_label_model_76bd3d3b_uniq` (`app_label`,`model`)
) ENGINE=InnoDB AUTO_INCREMENT=20 DEFAULT CHARSET=utf8mb4 COLLATE=utf8mb4_0900_ai_ci;
/*!40101 SET character_set_client = @saved_cs_client */;

--
-- Dumping data for table `django_content_type`
--

LOCK TABLES `django_content_type` WRITE;
/*!40000 ALTER TABLE `django_content_type` DISABLE KEYS */;
INSERT INTO `django_content_type` VALUES (13,'account','emailaddress'),(14,'account','emailconfirmation'),(1,'admin','logentry'),(3,'auth','group'),(2,'auth','permission'),(4,'auth','user'),(8,'builtin_model','aimodel'),(10,'contenttypes','contenttype'),(5,'person','person'),(11,'sessions','session'),(12,'sites','site'),(15,'socialaccount','socialaccount'),(16,'socialaccount','socialapp'),(17,'socialaccount','socialtoken'),(18,'token_blacklist','blacklistedtoken'),(19,'token_blacklist','outstandingtoken'),(7,'user','usernotification'),(6,'user','userprofile'),(9,'user_models','useraimodel');
/*!40000 ALTER TABLE `django_content_type` ENABLE KEYS */;
UNLOCK TABLES;

--
-- Table structure for table `django_migrations`
--

DROP TABLE IF EXISTS `django_migrations`;
/*!40101 SET @saved_cs_client     = @@character_set_client */;
/*!40101 SET character_set_client = utf8 */;
CREATE TABLE `django_migrations` (
  `id` bigint NOT NULL AUTO_INCREMENT,
  `app` varchar(255) NOT NULL,
  `name` varchar(255) NOT NULL,
  `applied` datetime(6) NOT NULL,
  PRIMARY KEY (`id`)
) ENGINE=InnoDB AUTO_INCREMENT=58 DEFAULT CHARSET=utf8mb4 COLLATE=utf8mb4_0900_ai_ci;
/*!40101 SET character_set_client = @saved_cs_client */;

--
-- Dumping data for table `django_migrations`
--

LOCK TABLES `django_migrations` WRITE;
/*!40000 ALTER TABLE `django_migrations` DISABLE KEYS */;
INSERT INTO `django_migrations` VALUES (1,'contenttypes','0001_initial','2024-01-22 12:10:55.232231'),(2,'auth','0001_initial','2024-01-22 12:10:55.309768'),(3,'account','0001_initial','2024-01-22 12:10:55.335761'),(4,'account','0002_email_max_length','2024-01-22 12:10:55.340693'),(5,'account','0003_alter_emailaddress_create_unique_verified_email','2024-01-22 12:10:55.348896'),(6,'account','0004_alter_emailaddress_drop_unique_email','2024-01-22 12:10:55.357817'),(7,'account','0005_emailaddress_idx_upper_email','2024-01-22 12:10:55.364301'),(8,'admin','0001_initial','2024-01-22 12:10:55.383324'),(9,'admin','0002_logentry_remove_auto_add','2024-01-22 12:10:55.387488'),(10,'admin','0003_logentry_add_action_flag_choices','2024-01-22 12:10:55.390766'),(11,'contenttypes','0002_remove_content_type_name','2024-01-22 12:10:55.404719'),(12,'auth','0002_alter_permission_name_max_length','2024-01-22 12:10:55.414228'),(13,'auth','0003_alter_user_email_max_length','2024-01-22 12:10:55.421574'),(14,'auth','0004_alter_user_username_opts','2024-01-22 12:10:55.424816'),(15,'auth','0005_alter_user_last_login_null','2024-01-22 12:10:55.435352'),(16,'auth','0006_require_contenttypes_0002','2024-01-22 12:10:55.436135'),(17,'auth','0007_alter_validators_add_error_messages','2024-01-22 12:10:55.439554'),(18,'auth','0008_alter_user_username_max_length','2024-01-22 12:10:55.450187'),(19,'auth','0009_alter_user_last_name_max_length','2024-01-22 12:10:55.460569'),(20,'auth','0010_alter_group_name_max_length','2024-01-22 12:10:55.466543'),(21,'auth','0011_update_proxy_permissions','2024-01-22 12:10:55.470216'),(22,'auth','0012_alter_user_first_name_max_length','2024-01-22 12:10:55.480738'),(23,'builtin_model','0001_initial','2024-01-22 12:10:55.483895'),(24,'person','0001_initial','2024-01-22 12:10:55.486799'),(25,'person','0002_alter_person_id','2024-01-22 12:10:55.488030'),(26,'sessions','0001_initial','2024-01-22 12:10:55.493511'),(27,'sites','0001_initial','2024-01-22 12:10:55.496531'),(28,'sites','0002_alter_domain_unique','2024-01-22 12:10:55.499541'),(29,'socialaccount','0001_initial','2024-01-22 12:10:55.555899'),(30,'socialaccount','0002_token_max_lengths','2024-01-22 12:10:55.571445'),(31,'socialaccount','0003_extra_data_default_dict','2024-01-22 12:10:55.574987'),(32,'socialaccount','0004_app_provider_id_settings','2024-01-22 12:10:55.598496'),(33,'socialaccount','0005_socialtoken_nullable_app','2024-01-22 12:10:55.618784'),(34,'socialaccount','0006_alter_socialaccount_extra_data','2024-01-22 12:10:55.628785'),(35,'user','0001_initial','2024-01-22 12:10:55.642022'),(36,'user','0002_remove_userprofile_avatar_userprofile_avatar_url','2024-01-22 12:10:55.652944'),(37,'user','0003_usernotifications','2024-01-22 12:10:55.665071'),(38,'user','0004_alter_usernotifications_notifications','2024-01-22 12:10:55.670233'),(39,'user','0005_rename_usernotifications_usernotification','2024-01-22 12:10:55.682319'),(40,'user','0006_rename_notifications_usernotification_user','2024-01-22 12:10:55.697812'),(41,'user','0007_usernotification_success_number','2024-01-22 12:10:55.704925'),(42,'user_models','0001_initial','2024-01-22 12:10:55.718703'),(43,'token_blacklist','0001_initial','2024-01-26 20:24:04.247797'),(44,'token_blacklist','0002_outstandingtoken_jti_hex','2024-01-26 20:24:04.260136'),(45,'token_blacklist','0003_auto_20171017_2007','2024-01-26 20:24:04.269049'),(46,'token_blacklist','0004_auto_20171017_2013','2024-01-26 20:24:04.288427'),(47,'token_blacklist','0005_remove_outstandingtoken_jti','2024-01-26 20:24:04.300374'),(48,'token_blacklist','0006_auto_20171017_2113','2024-01-26 20:24:04.310160'),(49,'token_blacklist','0007_auto_20171017_2214','2024-01-26 20:24:04.350392'),(50,'token_blacklist','0008_migrate_to_bigautofield','2024-01-26 20:24:04.383407'),(51,'token_blacklist','0010_fix_migrate_to_bigautofield','2024-01-26 20:24:04.392508'),(52,'token_blacklist','0011_linearizes_history','2024-01-26 20:24:04.393370'),(53,'token_blacklist','0012_alter_outstandingtoken_user','2024-01-26 20:24:04.399496'),(54,'user','0008_alter_userprofile_user','2024-01-31 16:36:53.131547'),(55,'builtin_model','0002_aimodel_description','2024-02-04 10:04:57.344683'),(56,'builtin_model','0003_alter_aimodel_options','2024-03-02 16:45:44.754942'),(57,'builtin_model','0004_alter_aimodel_options','2024-03-02 16:50:19.183780');
/*!40000 ALTER TABLE `django_migrations` ENABLE KEYS */;
UNLOCK TABLES;

--
-- Table structure for table `django_session`
--

DROP TABLE IF EXISTS `django_session`;
/*!40101 SET @saved_cs_client     = @@character_set_client */;
/*!40101 SET character_set_client = utf8 */;
CREATE TABLE `django_session` (
  `session_key` varchar(40) NOT NULL,
  `session_data` longtext NOT NULL,
  `expire_date` datetime(6) NOT NULL,
  PRIMARY KEY (`session_key`),
  KEY `django_session_expire_date_a5c62663` (`expire_date`)
) ENGINE=InnoDB DEFAULT CHARSET=utf8mb4 COLLATE=utf8mb4_0900_ai_ci;
/*!40101 SET character_set_client = @saved_cs_client */;

--
-- Dumping data for table `django_session`
--

LOCK TABLES `django_session` WRITE;
/*!40000 ALTER TABLE `django_session` DISABLE KEYS */;
INSERT INTO `django_session` VALUES ('03c6ig3gkvcrc82tehrn3wro69ncqs4f','.eJxVjEEOwiAQRe_C2hBwgFKX7j0DYZhBqgaS0q6Md7dNutDtf-_9twhxXUpYO89hInERWpx-N4zpyXUH9Ij13mRqdZknlLsiD9rlrRG_rof7d1BiL1udSGkcFBhHYDKrhM6Q8R4VYvLgcvZo2Wr0G9CWz8QZIMGozAhxcOLzBe_wN_0:1rSCyG:K5SoxJRQ4KhU7e1gDd0bjmn-DjyI1q93xOVa7aOiKEo','2024-02-06 09:21:28.881063'),('03m9h9wau6k6y682uvapmxgftek13304','.eJxVjEEOwiAQRe_C2hBwgFKX7j0DYZhBqgaS0q6Md7dNutDtf-_9twhxXUpYO89hInERWpx-N4zpyXUH9Ij13mRqdZknlLsiD9rlrRG_rof7d1BiL1udSGkcFBhHYDKrhM6Q8R4VYvLgcvZo2Wr0G9CWz8QZIMGozAhxcOLzBe_wN_0:1rSHoh:EIm5gcPzLZu36VZy0l-trl2CKVJne1L0co9Uk4YgEfE','2024-02-06 14:31:55.722839'),('0hbae1twf4ykrifhb3tf6d3srxd2dlg9','.eJxVjEEOwiAQRe_C2hBwgFKX7j0DYZhBqgaS0q6Md7dNutDtf-_9twhxXUpYO89hInERWpx-N4zpyXUH9Ij13mRqdZknlLsiD9rlrRG_rof7d1BiL1udSGkcFBhHYDKrhM6Q8R4VYvLgcvZo2Wr0G9CWz8QZIMGozAhxcOLzBe_wN_0:1rSImQ:-lh83Hw9LcClCDGwV3reZJU0qg8vzCIxrMo8UObIIxQ','2024-02-06 15:33:38.777074'),('1i5ddk2d2tmgyk2ud3g5vxecxrl44n5m','.eJxVjEEOwiAQRe_C2hBwgFKX7j0DYZhBqgaS0q6Md7dNutDtf-_9twhxXUpYO89hInERWpx-N4zpyXUH9Ij13mRqdZknlLsiD9rlrRG_rof7d1BiL1udSGkcFBhHYDKrhM6Q8R4VYvLgcvZo2Wr0G9CWz8QZIMGozAhxcOLzBe_wN_0:1rSCby:2Q3bRnm7ftxPYChnzH-8mfrd6KQ3nlWK0TwP57AIVjo','2024-02-06 08:58:26.353657'),('22vodt19y7tcz1wczcjroe8twh2t58pq','.eJxVjEEOwiAQRe_C2hBwgFKX7j0DYZhBqgaS0q6Md7dNutDtf-_9twhxXUpYO89hInERWpx-N4zpyXUH9Ij13mRqdZknlLsiD9rlrRG_rof7d1BiL1udSGkcFBhHYDKrhM6Q8R4VYvLgcvZo2Wr0G9CWz8QZIMGozAhxcOLzBe_wN_0:1rSCkV:NYSwu731-dRrg3zcDrucqvxnXgaDCpVCZSK8CVYI61k','2024-02-06 09:07:15.667482'),('2a9m4p38s2kek875fwfwtt91xg3vpxn3','.eJxVjEEOwiAQRe_C2hBwgFKX7j0DYZhBqgaS0q6Md7dNutDtf-_9twhxXUpYO89hInERWpx-N4zpyXUH9Ij13mRqdZknlLsiD9rlrRG_rof7d1BiL1udSGkcFBhHYDKrhM6Q8R4VYvLgcvZo2Wr0G9CWz8QZIMGozAhxcOLzBe_wN_0:1rSIT6:50sZjtGpTFwYNGVXZJedwtADFKckrfDY0zsR9uTDzoQ','2024-02-06 15:13:40.302600'),('2lc5kqs6ah0jusg4y3rsy6yqlz8sse5y','.eJxVjEEOwiAQRe_C2hBwgFKX7j0DYZhBqgaS0q6Md7dNutDtf-_9twhxXUpYO89hInERWpx-N4zpyXUH9Ij13mRqdZknlLsiD9rlrRG_rof7d1BiL1udSGkcFBhHYDKrhM6Q8R4VYvLgcvZo2Wr0G9CWz8QZIMGozAhxcOLzBe_wN_0:1rSCaR:jVkm-sJEUIb-5GWkf1GYEtU8DafhdQpBQsr5EvGdMWo','2024-02-06 08:56:51.210858'),('3d41lvweg96nrovo1053u8yri653g3ri','.eJxVjEEOwiAQRe_C2hBwgFKX7j0DYZhBqgaS0q6Md7dNutDtf-_9twhxXUpYO89hInERWpx-N4zpyXUH9Ij13mRqdZknlLsiD9rlrRG_rof7d1BiL1udSGkcFBhHYDKrhM6Q8R4VYvLgcvZo2Wr0G9CWz8QZIMGozAhxcOLzBe_wN_0:1rSDWc:XNcmuCYxsum3OA_PNyp8KsjVguhoD_v2ZpZdvh3ICNo','2024-02-06 09:56:58.534271'),('3fl8b2kljciaxdlezhrurw4nuyde2qpq','.eJxVjEEOwiAQRe_C2hBwgFKX7j0DYZhBqgaS0q6Md7dNutDtf-_9twhxXUpYO89hInERWpx-N4zpyXUH9Ij13mRqdZknlLsiD9rlrRG_rof7d1BiL1udSGkcFBhHYDKrhM6Q8R4VYvLgcvZo2Wr0G9CWz8QZIMGozAhxcOLzBe_wN_0:1rSCpW:Q5FC88QGQwbmuf14IlB36k8rgFway2yCE8ZdOVNretM','2024-02-06 09:12:26.969368'),('3jfvtgrt0m4culln27fkzroxlcz7axua','.eJxVjEEOwiAQRe_C2hBwgFKX7j0DYZhBqgaS0q6Md7dNutDtf-_9twhxXUpYO89hInERWpx-N4zpyXUH9Ij13mRqdZknlLsiD9rlrRG_rof7d1BiL1udSGkcFBhHYDKrhM6Q8R4VYvLgcvZo2Wr0G9CWz8QZIMGozAhxcOLzBe_wN_0:1rSIhU:JxSAxLd8acvSXDBferW9zlXEw5uLYlS6rTIuepXzL9s','2024-02-06 15:28:32.121120'),('3ndcp3soj10fjd78dpf78juqowx8pp5c','.eJxVjEEOwiAQRe_C2hBwgFKX7j0DYZhBqgaS0q6Md7dNutDtf-_9twhxXUpYO89hInERWpx-N4zpyXUH9Ij13mRqdZknlLsiD9rlrRG_rof7d1BiL1udSGkcFBhHYDKrhM6Q8R4VYvLgcvZo2Wr0G9CWz8QZIMGozAhxcOLzBe_wN_0:1rSIYb:q1uItxzH6YzaqOkGZFem79Ul90-8EeGaZGjTy-Iofdw','2024-02-06 15:19:21.976200'),('4p8sevvi5t23crn8mbvgjls3hmgqfqdt','.eJxVjEEOwiAQRe_C2hBwgFKX7j0DYZhBqgaS0q6Md7dNutDtf-_9twhxXUpYO89hInERWpx-N4zpyXUH9Ij13mRqdZknlLsiD9rlrRG_rof7d1BiL1udSGkcFBhHYDKrhM6Q8R4VYvLgcvZo2Wr0G9CWz8QZIMGozAhxcOLzBe_wN_0:1rSCsH:SG-CWKIhF9FxHnm9Hesi2HkLEEq-XDIAcvyaZyeRAaw','2024-02-06 09:15:17.390122'),('6844k63w7nxgmhbv3gh9lu8renvxwk8d','.eJxVjEEOwiAQRe_C2hBwgFKX7j0DYZhBqgaS0q6Md7dNutDtf-_9twhxXUpYO89hInERWpx-N4zpyXUH9Ij13mRqdZknlLsiD9rlrRG_rof7d1BiL1udSGkcFBhHYDKrhM6Q8R4VYvLgcvZo2Wr0G9CWz8QZIMGozAhxcOLzBe_wN_0:1rSEu1:_qgFUtU4Z7haCDkG3bb_AHyQj-t8hbpDwx8bY5KqM3E','2024-02-06 11:25:13.315650'),('69aelj3yw004yo74zw6q7p6ndyslerbw','.eJxVjEEOwiAQRe_C2hBwgFKX7j0DYZhBqgaS0q6Md7dNutDtf-_9twhxXUpYO89hInERWpx-N4zpyXUH9Ij13mRqdZknlLsiD9rlrRG_rof7d1BiL1udSGkcFBhHYDKrhM6Q8R4VYvLgcvZo2Wr0G9CWz8QZIMGozAhxcOLzBe_wN_0:1rSExs:pNtNlHZd4IJfEumd7y-BSHbf6L13PSXIghA9UXDYbJw','2024-02-06 11:29:12.380824'),('6n4rp7massyj8pq504uogf9hlgzskuad','.eJxVjEEOwiAQRe_C2hBwgFKX7j0DYZhBqgaS0q6Md7dNutDtf-_9twhxXUpYO89hInERWpx-N4zpyXUH9Ij13mRqdZknlLsiD9rlrRG_rof7d1BiL1udSGkcFBhHYDKrhM6Q8R4VYvLgcvZo2Wr0G9CWz8QZIMGozAhxcOLzBe_wN_0:1rSF1I:x-kbOh1UcVLM_tRPoqgG1C0XoI1f4JAqutVwUyMU284','2024-02-06 11:32:44.529054'),('7hthxvyrhfecmowvn7kdv0uffhv38m09','.eJxVjEEOwiAQRe_C2hBwgFKX7j0DYZhBqgaS0q6Md7dNutDtf-_9twhxXUpYO89hInERWpx-N4zpyXUH9Ij13mRqdZknlLsiD9rlrRG_rof7d1BiL1udSGkcFBhHYDKrhM6Q8R4VYvLgcvZo2Wr0G9CWz8QZIMGozAhxcOLzBe_wN_0:1rSIHH:jrNbRhPIsUUc3lS29LYaSzhpGXQbePm5jOrEQpDJqXg','2024-02-06 15:01:27.518508'),('82nn5evjytwf14gax3yoclied5vs5mar','.eJxVjEEOwiAQRe_C2hBwgFKX7j0DYZhBqgaS0q6Md7dNutDtf-_9twhxXUpYO89hInERWpx-N4zpyXUH9Ij13mRqdZknlLsiD9rlrRG_rof7d1BiL1udSGkcFBhHYDKrhM6Q8R4VYvLgcvZo2Wr0G9CWz8QZIMGozAhxcOLzBe_wN_0:1rTRuW:_3wL-DKfOHz1vMZ_fQYNAKV4lgjQkKPG2qjeBGOh55U','2024-01-26 21:30:44.503544'),('8dbnwf5j9gpjw7xq95b30lfix1erqgw6','.eJxVjEEOwiAQRe_C2hBwgFKX7j0DYZhBqgaS0q6Md7dNutDtf-_9twhxXUpYO89hInERWpx-N4zpyXUH9Ij13mRqdZknlLsiD9rlrRG_rof7d1BiL1udSGkcFBhHYDKrhM6Q8R4VYvLgcvZo2Wr0G9CWz8QZIMGozAhxcOLzBe_wN_0:1rSIrk:LM1KYkN5Lk0XSBilK0lHejTXykrMVJ_cIWotgmgL93I','2024-02-06 15:39:08.595903'),('8get119j8gueykla8ezg2xs2g7lorviq','.eJxVjEEOwiAQRe_C2hBwgFKX7j0DYZhBqgaS0q6Md7dNutDtf-_9twhxXUpYO89hInERWpx-N4zpyXUH9Ij13mRqdZknlLsiD9rlrRG_rof7d1BiL1udSGkcFBhHYDKrhM6Q8R4VYvLgcvZo2Wr0G9CWz8QZIMGozAhxcOLzBe_wN_0:1rUp9O:5SE1C4PG0048I5mLVzkTNoxwku9q67ROaZraM9hrQ1s','2024-01-30 16:31:46.352876'),('8gpgxwgerb4yv9b5io4awiygfg2stffo','.eJxVjEEOwiAQRe_C2hBwgFKX7j0DYZhBqgaS0q6Md7dNutDtf-_9twhxXUpYO89hInERWpx-N4zpyXUH9Ij13mRqdZknlLsiD9rlrRG_rof7d1BiL1udSGkcFBhHYDKrhM6Q8R4VYvLgcvZo2Wr0G9CWz8QZIMGozAhxcOLzBe_wN_0:1rSHst:o3uxrbnILALJYJtMEuL62AW4D09gsxMUl8CJ9Hhk8Vk','2024-02-06 14:36:15.763878'),('982u67jatzjq77yopfuz57luuppkh7mk','.eJxVjEEOwiAQRe_C2hBwgFKX7j0DYZhBqgaS0q6Md7dNutDtf-_9twhxXUpYO89hInERWpx-N4zpyXUH9Ij13mRqdZknlLsiD9rlrRG_rof7d1BiL1udSGkcFBhHYDKrhM6Q8R4VYvLgcvZo2Wr0G9CWz8QZIMGozAhxcOLzBe_wN_0:1rSCix:x-wkjvh1OVQdMe3bQ0quajszScNyx7Y5kAycOAI7d4I','2024-02-06 09:05:39.007392'),('9q21cldtjj7y3o5j0evkl0dtflhu4a9f','.eJxVjEEOwiAQRe_C2hBwgFKX7j0DYZhBqgaS0q6Md7dNutDtf-_9twhxXUpYO89hInERWpx-N4zpyXUH9Ij13mRqdZknlLsiD9rlrRG_rof7d1BiL1udSGkcFBhHYDKrhM6Q8R4VYvLgcvZo2Wr0G9CWz8QZIMGozAhxcOLzBe_wN_0:1rSCqS:JFeFLEV_WBHdcFL5zaCHB2uaR6NiO5-TYiFQeiE6IaQ','2024-02-06 09:13:24.876882'),('9scplto749r82h2y6c1wknvskpv29jx0','.eJxVjEEOwiAQRe_C2hBwgFKX7j0DYZhBqgaS0q6Md7dNutDtf-_9twhxXUpYO89hInERWpx-N4zpyXUH9Ij13mRqdZknlLsiD9rlrRG_rof7d1BiL1udSGkcFBhHYDKrhM6Q8R4VYvLgcvZo2Wr0G9CWz8QZIMGozAhxcOLzBe_wN_0:1rVViN:vQ4EI593O204F2_V0S-tbSQks07kSbSbb7dyqdYzb5E','2024-02-01 13:58:43.090963'),('azkh87crphebilsbxik5lq6y4zwm6n8m','.eJxVjEEOwiAQRe_C2hBwgFKX7j0DYZhBqgaS0q6Md7dNutDtf-_9twhxXUpYO89hInERWpx-N4zpyXUH9Ij13mRqdZknlLsiD9rlrRG_rof7d1BiL1udSGkcFBhHYDKrhM6Q8R4VYvLgcvZo2Wr0G9CWz8QZIMGozAhxcOLzBe_wN_0:1rSCmr:GO0-CGFFOSw-7PdGqvNJ2p9zHj9gQfBYgidRMEitgng','2024-02-06 09:09:41.123046'),('b1cdu5vz02wyo2ons73oqyswfj6p310y','.eJxVjEEOwiAQRe_C2hBwgFKX7j0DYZhBqgaS0q6Md7dNutDtf-_9twhxXUpYO89hInERWpx-N4zpyXUH9Ij13mRqdZknlLsiD9rlrRG_rof7d1BiL1udSGkcFBhHYDKrhM6Q8R4VYvLgcvZo2Wr0G9CWz8QZIMGozAhxcOLzBe_wN_0:1rSD8H:gFURv_QvaojsfSyXMfFLSb0dfLq226IkP1x6zM0kRXg','2024-02-06 09:31:49.753911'),('b3o506rmp30p7rajuj15xe9glrywsszp','.eJxVjEEOwiAQRe_C2hBwgFKX7j0DYZhBqgaS0q6Md7dNutDtf-_9twhxXUpYO89hInERWpx-N4zpyXUH9Ij13mRqdZknlLsiD9rlrRG_rof7d1BiL1udSGkcFBhHYDKrhM6Q8R4VYvLgcvZo2Wr0G9CWz8QZIMGozAhxcOLzBe_wN_0:1rSCta:RAFMyNYwl0SyDioNMfPM_MTkyQ_Db5QL0Q8uDZ_Su50','2024-02-06 09:16:38.695527'),('bw8foegm8o9livgezzrz4ey3h2250d36','eyJzb2NpYWxhY2NvdW50X3N0YXRlIjpbeyJuZXh0IjoiLyIsInByb2Nlc3MiOiJsb2dpbiIsInNjb3BlIjoiIiwiYXV0aF9wYXJhbXMiOiIifSwiUUd2dVhiM0xZT2pNR1hncSJdfQ:1rRzqD:VeNDmIrUWacXxQ0MHpj-H1pBaIdVpWMhY4XgWyW_sSk','2024-02-05 19:20:17.619265'),('c15pszx4czepscxi18kahc0n652m9wep','.eJxVjEEOwiAQRe_C2hBwgFKX7j0DYZhBqgaS0q6Md7dNutDtf-_9twhxXUpYO89hInERWpx-N4zpyXUH9Ij13mRqdZknlLsiD9rlrRG_rof7d1BiL1udSGkcFBhHYDKrhM6Q8R4VYvLgcvZo2Wr0G9CWz8QZIMGozAhxcOLzBe_wN_0:1rSCwB:eLH04RU2kKgqYPbOySG7TXD5l2MYBpFCCPM-d2KopZo','2024-02-06 09:19:19.880161'),('ebwdfsq1nwvp5ex6gxg2k9xsi2bngypv','.eJxVjEEOwiAQRe_C2hBwgFKX7j0DYZhBqgaS0q6Md7dNutDtf-_9twhxXUpYO89hInERWpx-N4zpyXUH9Ij13mRqdZknlLsiD9rlrRG_rof7d1BiL1udSGkcFBhHYDKrhM6Q8R4VYvLgcvZo2Wr0G9CWz8QZIMGozAhxcOLzBe_wN_0:1rSIzQ:20Ob_AnkXjAG5h2JAUPpzAQMJH5HTgasIG9akN9j6bc','2024-02-06 15:47:04.014367'),('el2ng8ac5uuf47b6838ypjt5nqiu7juh','.eJxVjEEOwiAQRe_C2hBwgFKX7j0DYZhBqgaS0q6Md7dNutDtf-_9twhxXUpYO89hInERWpx-N4zpyXUH9Ij13mRqdZknlLsiD9rlrRG_rof7d1BiL1udSGkcFBhHYDKrhM6Q8R4VYvLgcvZo2Wr0G9CWz8QZIMGozAhxcOLzBe_wN_0:1rSFAF:WAj2E7ge6BuMPwLIQ4eI9ucmLQp4PeaOnUx_GuXwMbo','2024-02-06 11:41:59.332587'),('fsg8c6i2bjvd7h269mf1n4d3tri9c8b3','.eJxVjEEOwiAQRe_C2hBwgFKX7j0DYZhBqgaS0q6Md7dNutDtf-_9twhxXUpYO89hInERWpx-N4zpyXUH9Ij13mRqdZknlLsiD9rlrRG_rof7d1BiL1udSGkcFBhHYDKrhM6Q8R4VYvLgcvZo2Wr0G9CWz8QZIMGozAhxcOLzBe_wN_0:1rSCqo:moMgZai6K1lRg0CCXw5S5jjK7ydmXOjOrXVSLOtrKGg','2024-02-06 09:13:46.007284'),('fx2nlvib2j4ba0ishdf1xxxvqmkosny3','.eJxVjEEOwiAQRe_C2hBwgFKX7j0DYZhBqgaS0q6Md7dNutDtf-_9twhxXUpYO89hInERWpx-N4zpyXUH9Ij13mRqdZknlLsiD9rlrRG_rof7d1BiL1udSGkcFBhHYDKrhM6Q8R4VYvLgcvZo2Wr0G9CWz8QZIMGozAhxcOLzBe_wN_0:1rWfs6:eO1sdF1FJhzfxXjZWyvBqjJMf5G1pRoVO_QstPR9Mls','2024-02-04 19:01:34.051620'),('g3ukkq91cvj4bebdl3afxotamwq2i5pw','.eJxVjEEOwiAQRe_C2hBwgFKX7j0DYZhBqgaS0q6Md7dNutDtf-_9twhxXUpYO89hInERWpx-N4zpyXUH9Ij13mRqdZknlLsiD9rlrRG_rof7d1BiL1udSGkcFBhHYDKrhM6Q8R4VYvLgcvZo2Wr0G9CWz8QZIMGozAhxcOLzBe_wN_0:1rSF3e:om3Rb7_yasQU8Zmvs_DqdVSKLKkxRlmDfp_xGMQ5EWw','2024-02-06 11:35:10.354953'),('gd9y2g26kpxwx0qahxeaccwqbh2q3mqh','.eJxVjEEOwiAQRe_C2hBwgFKX7j0DYZhBqgaS0q6Md7dNutDtf-_9twhxXUpYO89hInERWpx-N4zpyXUH9Ij13mRqdZknlLsiD9rlrRG_rof7d1BiL1udSGkcFBhHYDKrhM6Q8R4VYvLgcvZo2Wr0G9CWz8QZIMGozAhxcOLzBe_wN_0:1rdi2P:yUSlzJ0ybMBVpHnpcUbT1CbFLPjUfZeRfHffrggVe4o','2024-02-24 04:45:17.747696'),('h3nrelflp37ys9673hopa5i5weu6l1b7','.eJxVjEEOwiAQRe_C2hBwgFKX7j0DYZhBqgaS0q6Md7dNutDtf-_9twhxXUpYO89hInERWpx-N4zpyXUH9Ij13mRqdZknlLsiD9rlrRG_rof7d1BiL1udSGkcFBhHYDKrhM6Q8R4VYvLgcvZo2Wr0G9CWz8QZIMGozAhxcOLzBe_wN_0:1rSIKN:Z5SZ1D8iZJknWSokPx0y7ALkXUXhnAO6R-3iZkNdI98','2024-02-06 15:04:39.260356'),('hbn77i4k7p9ez5bc7hw56rzpeups22cd','.eJxVjEEOwiAQRe_C2hBwgFKX7j0DYZhBqgaS0q6Md7dNutDtf-_9twhxXUpYO89hInERWpx-N4zpyXUH9Ij13mRqdZknlLsiD9rlrRG_rof7d1BiL1udSGkcFBhHYDKrhM6Q8R4VYvLgcvZo2Wr0G9CWz8QZIMGozAhxcOLzBe_wN_0:1rSEzr:F2diqDGkyrMaZY1Np9L6H6t7IMF1jjO9xM1EBzyOK9o','2024-02-06 11:31:15.940514'),('htimdl8krz4gmctfnu1s2i7gc78z8087','.eJxVjEEOwiAQRe_C2hBwgFKX7j0DYZhBqgaS0q6Md7dNutDtf-_9twhxXUpYO89hInERWpx-N4zpyXUH9Ij13mRqdZknlLsiD9rlrRG_rof7d1BiL1udSGkcFBhHYDKrhM6Q8R4VYvLgcvZo2Wr0G9CWz8QZIMGozAhxcOLzBe_wN_0:1rWZO3:tMK0I4Xr8Vzd6KTT2-LBpU6Owzf2ubrZdjKitMDnvY8','2024-02-04 12:06:07.770527'),('i7go9s57h5jjz9sos6eh7jbgcvw6mnks','.eJxVjEEOwiAQRe_C2hBwgFKX7j0DYZhBqgaS0q6Md7dNutDtf-_9twhxXUpYO89hInERWpx-N4zpyXUH9Ij13mRqdZknlLsiD9rlrRG_rof7d1BiL1udSGkcFBhHYDKrhM6Q8R4VYvLgcvZo2Wr0G9CWz8QZIMGozAhxcOLzBe_wN_0:1rSIn2:Hu1qib1DUc2nRBZ8hj_9JLs1qileG3AargGhdWdXdU8','2024-02-06 15:34:16.964239'),('itxjbbri9ujegnhh0ts51k3zjma12xpb','.eJxVjEEOwiAQRe_C2hBwgFKX7j0DYZhBqgaS0q6Md7dNutDtf-_9twhxXUpYO89hInERWpx-N4zpyXUH9Ij13mRqdZknlLsiD9rlrRG_rof7d1BiL1udSGkcFBhHYDKrhM6Q8R4VYvLgcvZo2Wr0G9CWz8QZIMGozAhxcOLzBe_wN_0:1rSCV0:mGa1fO3X0oHkixEMXEkCsfYOceb_np0c688-YuJROwQ','2024-02-06 08:51:14.769849'),('jey8potwpvj4c506bjodr3d6amk20g6g','.eJxVjEEOwiAQRe_C2hBwgFKX7j0DYZhBqgaS0q6Md7dNutDtf-_9twhxXUpYO89hInERWpx-N4zpyXUH9Ij13mRqdZknlLsiD9rlrRG_rof7d1BiL1udSGkcFBhHYDKrhM6Q8R4VYvLgcvZo2Wr0G9CWz8QZIMGozAhxcOLzBe_wN_0:1rSDTi:HKbTk-w309kMNEqnWsaL68SifkhXcndUBA5pLxmWPuo','2024-02-06 09:53:58.151022'),('ki8kl3pc9sj9n2p67u42gwb8i465ote6','.eJxVjEEOwiAQRe_C2hBwgFKX7j0DYZhBqgaS0q6Md7dNutDtf-_9twhxXUpYO89hInERWpx-N4zpyXUH9Ij13mRqdZknlLsiD9rlrRG_rof7d1BiL1udSGkcFBhHYDKrhM6Q8R4VYvLgcvZo2Wr0G9CWz8QZIMGozAhxcOLzBe_wN_0:1rSEu2:5pDcTwX9MQOUnJ43ByzqkAgM16OMtVgL-WVEhQWjSro','2024-02-06 11:25:14.969603'),('kolwubz83y0t1f5k11n5ch9katr2tm05','.eJxVjEEOwiAQRe_C2hBwgFKX7j0DYZhBqgaS0q6Md7dNutDtf-_9twhxXUpYO89hInERWpx-N4zpyXUH9Ij13mRqdZknlLsiD9rlrRG_rof7d1BiL1udSGkcFBhHYDKrhM6Q8R4VYvLgcvZo2Wr0G9CWz8QZIMGozAhxcOLzBe_wN_0:1rSIKy:jV9X05QOmwV9-Dww5RjzDWok5xNekI6P5RvKhUFVJFA','2024-02-06 15:05:16.675330'),('lfq4hvb2tuvgmd33iq4o289u1949tteg','.eJxVjEEOwiAQRe_C2hBwgFKX7j0DYZhBqgaS0q6Md7dNutDtf-_9twhxXUpYO89hInERWpx-N4zpyXUH9Ij13mRqdZknlLsiD9rlrRG_rof7d1BiL1udSGkcFBhHYDKrhM6Q8R4VYvLgcvZo2Wr0G9CWz8QZIMGozAhxcOLzBe_wN_0:1rSI2E:_J4PiaxF68DnTtGOfC5Fc6pF6hvs1x_wX4gMtOE8EXQ','2024-02-06 14:45:54.562726'),('lpfvkjtb4s6jkimigbfu8ky4392swn3n','.eJxVjEEOwiAQRe_C2hBwgFKX7j0DYZhBqgaS0q6Md7dNutDtf-_9twhxXUpYO89hInERWpx-N4zpyXUH9Ij13mRqdZknlLsiD9rlrRG_rof7d1BiL1udSGkcFBhHYDKrhM6Q8R4VYvLgcvZo2Wr0G9CWz8QZIMGozAhxcOLzBe_wN_0:1rSIB8:o61RWjwGWfhU3VPWo8XTrqnCQ--2YlPzA5vRXznwOBI','2024-02-06 14:55:06.853619'),('mkae71wabaiovltgozra742tl9zdx5ga','.eJxVjEEOwiAQRe_C2hBwgFKX7j0DYZhBqgaS0q6Md7dNutDtf-_9twhxXUpYO89hInERWpx-N4zpyXUH9Ij13mRqdZknlLsiD9rlrRG_rof7d1BiL1udSGkcFBhHYDKrhM6Q8R4VYvLgcvZo2Wr0G9CWz8QZIMGozAhxcOLzBe_wN_0:1rSIEf:WhHmpQhqheWMgzPt5SYz7Bvx0Rwn5FnWtuXTgnrvQxU','2024-02-06 14:58:45.984314'),('nmzwlaeni6pnq55wo8mgr9hia375r7yc','.eJxVjEEOwiAQRe_C2hBwgFKX7j0DYZhBqgaS0q6Md7dNutDtf-_9twhxXUpYO89hInERWpx-N4zpyXUH9Ij13mRqdZknlLsiD9rlrRG_rof7d1BiL1udSGkcFBhHYDKrhM6Q8R4VYvLgcvZo2Wr0G9CWz8QZIMGozAhxcOLzBe_wN_0:1rSIe0:A6UB5QBSdas8uWdG1ztgylV-my0kSryq3U1Esq9r3KM','2024-02-06 15:24:56.674914'),('oud7q9h1oitbb436fi5hoqfnmlx75v8l','.eJxVjEEOwiAQRe_C2hBwgFKX7j0DYZhBqgaS0q6Md7dNutDtf-_9twhxXUpYO89hInERWpx-N4zpyXUH9Ij13mRqdZknlLsiD9rlrRG_rof7d1BiL1udSGkcFBhHYDKrhM6Q8R4VYvLgcvZo2Wr0G9CWz8QZIMGozAhxcOLzBe_wN_0:1rSIx6:5h_kw9ovRgyKsyZzR2pBTEmIgjGp9hH0cTxKMTzooF8','2024-02-06 15:44:40.731382'),('pfmjjkjm496rdiluyxje41g5bfii7uet','.eJxVjEEOwiAQRe_C2hBwgFKX7j0DYZhBqgaS0q6Md7dNutDtf-_9twhxXUpYO89hInERWpx-N4zpyXUH9Ij13mRqdZknlLsiD9rlrRG_rof7d1BiL1udSGkcFBhHYDKrhM6Q8R4VYvLgcvZo2Wr0G9CWz8QZIMGozAhxcOLzBe_wN_0:1rSHtU:VKQWHcWgHEhmFl-xE6HTFxV257oeq0SOspiXPDoYM54','2024-02-06 14:36:52.779076'),('pg4d3wdaypee3rvajigjsjaal5ti060i','.eJxVjEEOwiAQRe_C2hBwgFKX7j0DYZhBqgaS0q6Md7dNutDtf-_9twhxXUpYO89hInERWpx-N4zpyXUH9Ij13mRqdZknlLsiD9rlrRG_rof7d1BiL1udSGkcFBhHYDKrhM6Q8R4VYvLgcvZo2Wr0G9CWz8QZIMGozAhxcOLzBe_wN_0:1rSEuQ:Uxd7kh4ged85i0xE4dfLdQCMmSDoB95xnPBr_z4pTXM','2024-02-06 11:25:38.103923'),('pqibjoq84ycrbxiwcwiutife7ftygv0x','.eJxVjEEOwiAQRe_C2hBwgFKX7j0DYZhBqgaS0q6Md7dNutDtf-_9twhxXUpYO89hInERWpx-N4zpyXUH9Ij13mRqdZknlLsiD9rlrRG_rof7d1BiL1udSGkcFBhHYDKrhM6Q8R4VYvLgcvZo2Wr0G9CWz8QZIMGozAhxcOLzBe_wN_0:1rSIpl:42dbGQQGkSEB3bFwbWqJv0qgU4vBEQbG5cb_CCgkvjE','2024-02-06 15:37:05.463829'),('pteo4rpyakdmhnf3c1nss9befw2w2cpl','.eJyNj8FOwzAQRH-l8rlyEpykaW5wROqtICSEorW9TkwdO4odNaLqv2NDkeDGdd_M7MyFdLCEoVs8zp2WpCUF2f6-cRAntAnId7C9o8LZMGtOk4TeqKcHJ9E83LR_AgbwQ3QLmRd8l7OylqxUmAtel7JsGp5zLhpWK9XwCquCNxEUFd5JVIwJts_LPYNdHUO9ExoMCOEWGzofICBpXy9kmp1A7-MT43ptk1K4KTKCI2iziVxpg5shhMm3WXY-n2nvXG8QJu3joDFLdbNUV1vl6Lft3_Kf_PjT6rT-a_wEM4ypFLluyeH-uKyn-vjy8biq56eVvF0_AdO0gyI:1rTL1p:1S-BNycIuJFAXlHuqZE9DnZ3Y9T8MmQTKz5x2eyzBgs','2024-02-09 12:09:49.487722'),('q2jv8ab2l3i603i9e35fwtmyrssome57','.eJxVjEEOwiAQRe_C2hBwgFKX7j0DYZhBqgaS0q6Md7dNutDtf-_9twhxXUpYO89hInERWpx-N4zpyXUH9Ij13mRqdZknlLsiD9rlrRG_rof7d1BiL1udSGkcFBhHYDKrhM6Q8R4VYvLgcvZo2Wr0G9CWz8QZIMGozAhxcOLzBe_wN_0:1rTRqh:ScUXC6OstDetkd5rn7HIYdrvzbXpEHsFBX8PAkI5m5g','2024-01-26 21:26:47.648380'),('qe9ju2c5qr7dg7ffguy2ld0igrpi4zy6','.eJxVjEEOwiAQRe_C2hBwgFKX7j0DYZhBqgaS0q6Md7dNutDtf-_9twhxXUpYO89hInERWpx-N4zpyXUH9Ij13mRqdZknlLsiD9rlrRG_rof7d1BiL1udSGkcFBhHYDKrhM6Q8R4VYvLgcvZo2Wr0G9CWz8QZIMGozAhxcOLzBe_wN_0:1rWbGG:qwQ7lD2lvxF_0sv3BIxWO9LEst7oHKQADvgV9ti60Fg','2024-02-04 14:06:12.983521'),('r4cctlpppgruxcchtd35f6bkoqe4ax9f','.eJxVjEEOwiAQRe_C2hBwgFKX7j0DYZhBqgaS0q6Md7dNutDtf-_9twhxXUpYO89hInERWpx-N4zpyXUH9Ij13mRqdZknlLsiD9rlrRG_rof7d1BiL1udSGkcFBhHYDKrhM6Q8R4VYvLgcvZo2Wr0G9CWz8QZIMGozAhxcOLzBe_wN_0:1rSF2i:6C40BllSAyO_Fs28ld_vv8LaCeBQ-Mc240kTOyE1MeI','2024-02-06 11:34:12.108181'),('rbbi8x8j17nktc6225kzf39ul1jmhxb2','.eJxVjEEOwiAQRe_C2hBwgFKX7j0DYZhBqgaS0q6Md7dNutDtf-_9twhxXUpYO89hInERWpx-N4zpyXUH9Ij13mRqdZknlLsiD9rlrRG_rof7d1BiL1udSGkcFBhHYDKrhM6Q8R4VYvLgcvZo2Wr0G9CWz8QZIMGozAhxcOLzBe_wN_0:1rgEOF:xuyQYVOMy5wsWfrcZJdONfeoCfS-auh4JWTvQyXahNA','2024-03-02 03:42:15.679724'),('rgxlf7z86zp3xaou1o6lha1qtj3810z3','.eJxVjEEOwiAQRe_C2hBwgFKX7j0DYZhBqgaS0q6Md7dNutDtf-_9twhxXUpYO89hInERWpx-N4zpyXUH9Ij13mRqdZknlLsiD9rlrRG_rof7d1BiL1udSGkcFBhHYDKrhM6Q8R4VYvLgcvZo2Wr0G9CWz8QZIMGozAhxcOLzBe_wN_0:1rSIFa:1QLXHJrxvXjJRrU1nPa8VlckLT8koIu2b5EG3JTdlLA','2024-02-06 14:59:42.762440'),('rli0gydb7esprzqc4j2z61f0ck8y4umg','.eJxVjEEOwiAQRe_C2hBwgFKX7j0DYZhBqgaS0q6Md7dNutDtf-_9twhxXUpYO89hInERWpx-N4zpyXUH9Ij13mRqdZknlLsiD9rlrRG_rof7d1BiL1udSGkcFBhHYDKrhM6Q8R4VYvLgcvZo2Wr0G9CWz8QZIMGozAhxcOLzBe_wN_0:1rVvXS:7ks-ia7AdIM9jQFmUrDofYWu0jpe6pZ6DSe1H4qWraE','2024-02-02 17:33:10.651542'),('s5sjo0lr9dvewnd3k7wqtut0a1wtigds','.eJxVjEEOwiAQRe_C2hBwgFKX7j0DYZhBqgaS0q6Md7dNutDtf-_9twhxXUpYO89hInERWpx-N4zpyXUH9Ij13mRqdZknlLsiD9rlrRG_rof7d1BiL1udSGkcFBhHYDKrhM6Q8R4VYvLgcvZo2Wr0G9CWz8QZIMGozAhxcOLzBe_wN_0:1rSIYQ:qmQsuBdY9BydXQOIhrr8HLdzGKVEuENOMpPb7pJaMwk','2024-02-06 15:19:10.004107'),('s96b8mk41rp3lr4owdb6zxcyyri76ich','.eJxVjEEOwiAQRe_C2hBwgFKX7j0DYZhBqgaS0q6Md7dNutDtf-_9twhxXUpYO89hInERWpx-N4zpyXUH9Ij13mRqdZknlLsiD9rlrRG_rof7d1BiL1udSGkcFBhHYDKrhM6Q8R4VYvLgcvZo2Wr0G9CWz8QZIMGozAhxcOLzBe_wN_0:1rSCas:oWyu1iCnJjI4li7FaRHX8RQVKcrB6DXPIxK_YTmLYpc','2024-02-06 08:57:18.082889'),('sqh2lz47ilq0bt8fvsbqqj2h13tw54h4','.eJxVjEEOwiAQRe_C2hBwgFKX7j0DYZhBqgaS0q6Md7dNutDtf-_9twhxXUpYO89hInERWpx-N4zpyXUH9Ij13mRqdZknlLsiD9rlrRG_rof7d1BiL1udSGkcFBhHYDKrhM6Q8R4VYvLgcvZo2Wr0G9CWz8QZIMGozAhxcOLzBe_wN_0:1rSCnt:eejFkv6P_3Hez3W0ElOhIrpNXAQNAuBFw78vVmpaouQ','2024-02-06 09:10:45.094687'),('sugnock3zmfi7qsoharbsyjr33gz3p0g','.eJxVjEEOwiAQRe_C2hBwgFKX7j0DYZhBqgaS0q6Md7dNutDtf-_9twhxXUpYO89hInERWpx-N4zpyXUH9Ij13mRqdZknlLsiD9rlrRG_rof7d1BiL1udSGkcFBhHYDKrhM6Q8R4VYvLgcvZo2Wr0G9CWz8QZIMGozAhxcOLzBe_wN_0:1rUlF9:EyR6sHVxkjuFbN4U7zXkvepfD6B1w3oNt48PQ9y3Wwc','2024-01-30 12:21:27.233710'),('t71o1fy6pzdhudo90jk92dgrksenkg6h','.eJxVjEEOwiAQRe_C2hBwgFKX7j0DYZhBqgaS0q6Md7dNutDtf-_9twhxXUpYO89hInERWpx-N4zpyXUH9Ij13mRqdZknlLsiD9rlrRG_rof7d1BiL1udSGkcFBhHYDKrhM6Q8R4VYvLgcvZo2Wr0G9CWz8QZIMGozAhxcOLzBe_wN_0:1rSIVE:4uk8BLrx_B5asStKW_Mv92hEXigLF24wbGHCkzgZWzc','2024-02-06 15:15:52.868424'),('teli1mj27objumuybuahthqk7rpazuew','.eJxVjEEOwiAQRe_C2hBwgFKX7j0DYZhBqgaS0q6Md7dNutDtf-_9twhxXUpYO89hInERWpx-N4zpyXUH9Ij13mRqdZknlLsiD9rlrRG_rof7d1BiL1udSGkcFBhHYDKrhM6Q8R4VYvLgcvZo2Wr0G9CWz8QZIMGozAhxcOLzBe_wN_0:1rSCaN:G1PaAoq62K52-JBy1jcIVnPfeUC0AuiPt7sDO7qV2DE','2024-02-06 08:56:47.489313'),('teq3ovd4nillg0y832ly5o3r5tec9hfh','.eJxVjEEOwiAQRe_C2hBwgFKX7j0DYZhBqgaS0q6Md7dNutDtf-_9twhxXUpYO89hInERWpx-N4zpyXUH9Ij13mRqdZknlLsiD9rlrRG_rof7d1BiL1udSGkcFBhHYDKrhM6Q8R4VYvLgcvZo2Wr0G9CWz8QZIMGozAhxcOLzBe_wN_0:1rSIkL:2UC3xPVDkO69hV4iUIWTT3NY4qn4Z6AYp9P_s-gqmVU','2024-02-06 15:31:29.411448'),('txbpoot4pzyuc34ty6ppm5xs2idy73ra','.eJxVjEEOwiAQRe_C2hBwgFKX7j0DYZhBqgaS0q6Md7dNutDtf-_9twhxXUpYO89hInERWpx-N4zpyXUH9Ij13mRqdZknlLsiD9rlrRG_rof7d1BiL1udSGkcFBhHYDKrhM6Q8R4VYvLgcvZo2Wr0G9CWz8QZIMGozAhxcOLzBe_wN_0:1rSI4z:IVVW04uj_aH3-ZCE_U1GebfnY35GKkSoDhzJpt4XhGk','2024-02-06 14:48:45.781911'),('u7l3kzmhmnrf2pt2l6pf81alztypphzj','.eJxVjEEOwiAQRe_C2hBwgFKX7j0DYZhBqgaS0q6Md7dNutDtf-_9twhxXUpYO89hInERWpx-N4zpyXUH9Ij13mRqdZknlLsiD9rlrRG_rof7d1BiL1udSGkcFBhHYDKrhM6Q8R4VYvLgcvZo2Wr0G9CWz8QZIMGozAhxcOLzBe_wN_0:1rSD0R:7LCFJeDvvP2bOCIRdyrsTTE3y220O_YZQTs3Y5YOqyA','2024-02-06 09:23:43.401753'),('uhjz9f0i1e3awcml4fa7asacvoapdmqh','.eJxVjEEOwiAQRe_C2hBwgFKX7j0DYZhBqgaS0q6Md7dNutDtf-_9twhxXUpYO89hInERWpx-N4zpyXUH9Ij13mRqdZknlLsiD9rlrRG_rof7d1BiL1udSGkcFBhHYDKrhM6Q8R4VYvLgcvZo2Wr0G9CWz8QZIMGozAhxcOLzBe_wN_0:1rSCRU:8POfM3LzJb4ypu55bWMSNsF2rfOzbbMHxZ3x2H38IuQ','2024-02-06 08:47:36.458773'),('uuqj0tnogti64iqifkvtqr873aalqhy3','.eJxVjEEOwiAQRe_C2hBwgFKX7j0DYZhBqgaS0q6Md7dNutDtf-_9twhxXUpYO89hInERWpx-N4zpyXUH9Ij13mRqdZknlLsiD9rlrRG_rof7d1BiL1udSGkcFBhHYDKrhM6Q8R4VYvLgcvZo2Wr0G9CWz8QZIMGozAhxcOLzBe_wN_0:1rSINy:VHm8HvdWQe2rvzB-MsEQkK0obRlPkAKfXrOI6gQph5s','2024-02-06 15:08:22.659117'),('v2cq3vbv3gh2e8q9vtin3043mu9z79y2','.eJxVjEEOwiAQRe_C2hBwgFKX7j0DYZhBqgaS0q6Md7dNutDtf-_9twhxXUpYO89hInERWpx-N4zpyXUH9Ij13mRqdZknlLsiD9rlrRG_rof7d1BiL1udSGkcFBhHYDKrhM6Q8R4VYvLgcvZo2Wr0G9CWz8QZIMGozAhxcOLzBe_wN_0:1rVAJ1:vdx8lXcVsStpJUsvxUhg21bw_YfhRLsu6pdAddFPsQc','2024-01-31 15:07:07.567803'),('v50g45aazt9fc0n3hc9a00csbu1pc2jl','.eJxVjEEOwiAQRe_C2hBwgFKX7j0DYZhBqgaS0q6Md7dNutDtf-_9twhxXUpYO89hInERWpx-N4zpyXUH9Ij13mRqdZknlLsiD9rlrRG_rof7d1BiL1udSGkcFBhHYDKrhM6Q8R4VYvLgcvZo2Wr0G9CWz8QZIMGozAhxcOLzBe_wN_0:1rSD1y:lWyjsMB7_luFx-uHCDX8keqWwgWS3Lhfrr005wWlVWU','2024-02-06 09:25:18.684065'),('v5ris3nkyjtk70zhtywj5l3qskgwsoag','.eJxVjEEOwiAQRe_C2hBwgFKX7j0DYZhBqgaS0q6Md7dNutDtf-_9twhxXUpYO89hInERWpx-N4zpyXUH9Ij13mRqdZknlLsiD9rlrRG_rof7d1BiL1udSGkcFBhHYDKrhM6Q8R4VYvLgcvZo2Wr0G9CWz8QZIMGozAhxcOLzBe_wN_0:1rSExa:hAvRKP3LA0vwkYbF-KFpHvgkixC06lOWL_CItFNNpEo','2024-02-06 11:28:54.093184'),('vq55ardxf62tctnkp14jlwfl7ynruecu','.eJxVjEEOwiAQRe_C2hBwgFKX7j0DYZhBqgaS0q6Md7dNutDtf-_9twhxXUpYO89hInERWpx-N4zpyXUH9Ij13mRqdZknlLsiD9rlrRG_rof7d1BiL1udSGkcFBhHYDKrhM6Q8R4VYvLgcvZo2Wr0G9CWz8QZIMGozAhxcOLzBe_wN_0:1rSF8y:l3E7IddoGZVMxR13kpGvH8ZARPe5zP4Q5jkAeB5pPZ4','2024-02-06 11:40:40.317849'),('vra7svfa6151y8mj708gihztmr4smnzn','.eJxVjEEOwiAQRe_C2hBwgFKX7j0DYZhBqgaS0q6Md7dNutDtf-_9twhxXUpYO89hInERWpx-N4zpyXUH9Ij13mRqdZknlLsiD9rlrRG_rof7d1BiL1udSGkcFBhHYDKrhM6Q8R4VYvLgcvZo2Wr0G9CWz8QZIMGozAhxcOLzBe_wN_0:1rSDIF:AGqAgHNlGgThyAn5V_1tkUjTIJaidJuGI0rkY3vTwn0','2024-02-06 09:42:07.708208'),('w6xrcxl278qw51ycdkzzybg9xgpr8r4l','.eJxVjEEOwiAQRe_C2hBwgFKX7j0DYZhBqgaS0q6Md7dNutDtf-_9twhxXUpYO89hInERWpx-N4zpyXUH9Ij13mRqdZknlLsiD9rlrRG_rof7d1BiL1udSGkcFBhHYDKrhM6Q8R4VYvLgcvZo2Wr0G9CWz8QZIMGozAhxcOLzBe_wN_0:1rSHnq:HtodJplghi4gRR04TZ0HTV84M7Icm-uWOCrrFwWbjAo','2024-02-06 14:31:02.056575'),('wd4sr3bjezolwkpa1zedoxna1od1f1wz','.eJxVjEEOwiAQRe_C2hBwgFKX7j0DYZhBqgaS0q6Md7dNutDtf-_9twhxXUpYO89hInERWpx-N4zpyXUH9Ij13mRqdZknlLsiD9rlrRG_rof7d1BiL1udSGkcFBhHYDKrhM6Q8R4VYvLgcvZo2Wr0G9CWz8QZIMGozAhxcOLzBe_wN_0:1rSEyN:M7iK_r8ngUGLBP_0FUVaRCmCsSVhEv5hAI8Mlj8in_E','2024-02-06 11:29:43.990352'),('x3qgte6mto9toq21k25a8xbrg8y7606j','.eJxVjEEOwiAQRe_C2hBwgFKX7j0DYZhBqgaS0q6Md7dNutDtf-_9twhxXUpYO89hInERWpx-N4zpyXUH9Ij13mRqdZknlLsiD9rlrRG_rof7d1BiL1udSGkcFBhHYDKrhM6Q8R4VYvLgcvZo2Wr0G9CWz8QZIMGozAhxcOLzBe_wN_0:1rSCTl:_y5Bm8KK1HLVOD7ItdlZTZSpWPbdLjlcG37YV7C7fAs','2024-02-06 08:49:57.641353'),('x7a9ne34jqs9xc4lxfdv9ox4zigd7cet','.eJxVjEEOwiAQRe_C2hBwgFKX7j0DYZhBqgaS0q6Md7dNutDtf-_9twhxXUpYO89hInERWpx-N4zpyXUH9Ij13mRqdZknlLsiD9rlrRG_rof7d1BiL1udSGkcFBhHYDKrhM6Q8R4VYvLgcvZo2Wr0G9CWz8QZIMGozAhxcOLzBe_wN_0:1rSDC7:qvvKtXybYIP0YyRGeFKUoz0MVlUuMuf5xYW3x8IUezo','2024-02-06 09:35:47.120124'),('xus8cyo8h2t8nkt6a027pm9ivys7g1oo','.eJxVjEEOwiAQRe_C2hBwgFKX7j0DYZhBqgaS0q6Md7dNutDtf-_9twhxXUpYO89hInERWpx-N4zpyXUH9Ij13mRqdZknlLsiD9rlrRG_rof7d1BiL1udSGkcFBhHYDKrhM6Q8R4VYvLgcvZo2Wr0G9CWz8QZIMGozAhxcOLzBe_wN_0:1rSCb8:WaDnRdnaUoo9uMUQE6YL5rmE86hkDFc7ahXKulJrEI0','2024-02-06 08:57:34.687590'),('y4p2zg1d0gs282xn2q857nyiypjpis9h','.eJxVjEEOwiAQRe_C2hBwgFKX7j0DYZhBqgaS0q6Md7dNutDtf-_9twhxXUpYO89hInERWpx-N4zpyXUH9Ij13mRqdZknlLsiD9rlrRG_rof7d1BiL1udSGkcFBhHYDKrhM6Q8R4VYvLgcvZo2Wr0G9CWz8QZIMGozAhxcOLzBe_wN_0:1rVpku:-daOUpDEYD7xDauSkgA2bSFqft8u9nVKQPmGyTF5R44','2024-02-02 11:22:40.532279');
/*!40000 ALTER TABLE `django_session` ENABLE KEYS */;
UNLOCK TABLES;

--
-- Table structure for table `django_site`
--

DROP TABLE IF EXISTS `django_site`;
/*!40101 SET @saved_cs_client     = @@character_set_client */;
/*!40101 SET character_set_client = utf8 */;
CREATE TABLE `django_site` (
  `id` int NOT NULL AUTO_INCREMENT,
  `domain` varchar(100) NOT NULL,
  `name` varchar(50) NOT NULL,
  PRIMARY KEY (`id`),
  UNIQUE KEY `django_site_domain_a2e37b91_uniq` (`domain`)
) ENGINE=InnoDB AUTO_INCREMENT=3 DEFAULT CHARSET=utf8mb4 COLLATE=utf8mb4_0900_ai_ci;
/*!40101 SET character_set_client = @saved_cs_client */;

--
-- Dumping data for table `django_site`
--

LOCK TABLES `django_site` WRITE;
/*!40000 ALTER TABLE `django_site` DISABLE KEYS */;
INSERT INTO `django_site` VALUES (2,'127.0.0.1:8000','127.0.0.1:8000');
/*!40000 ALTER TABLE `django_site` ENABLE KEYS */;
UNLOCK TABLES;

--
-- Table structure for table `person_person`
--

DROP TABLE IF EXISTS `person_person`;
/*!40101 SET @saved_cs_client     = @@character_set_client */;
/*!40101 SET character_set_client = utf8 */;
CREATE TABLE `person_person` (
  `id` bigint NOT NULL AUTO_INCREMENT,
  `name` varchar(50) NOT NULL,
  PRIMARY KEY (`id`)
) ENGINE=InnoDB DEFAULT CHARSET=utf8mb4 COLLATE=utf8mb4_0900_ai_ci;
/*!40101 SET character_set_client = @saved_cs_client */;

--
-- Dumping data for table `person_person`
--

LOCK TABLES `person_person` WRITE;
/*!40000 ALTER TABLE `person_person` DISABLE KEYS */;
/*!40000 ALTER TABLE `person_person` ENABLE KEYS */;
UNLOCK TABLES;

--
-- Table structure for table `socialaccount_socialaccount`
--

DROP TABLE IF EXISTS `socialaccount_socialaccount`;
/*!40101 SET @saved_cs_client     = @@character_set_client */;
/*!40101 SET character_set_client = utf8 */;
CREATE TABLE `socialaccount_socialaccount` (
  `id` int NOT NULL AUTO_INCREMENT,
  `provider` varchar(200) NOT NULL,
  `uid` varchar(191) NOT NULL,
  `last_login` datetime(6) NOT NULL,
  `date_joined` datetime(6) NOT NULL,
  `extra_data` json NOT NULL,
  `user_id` int NOT NULL,
  PRIMARY KEY (`id`),
  UNIQUE KEY `socialaccount_socialaccount_provider_uid_fc810c6e_uniq` (`provider`,`uid`),
  KEY `socialaccount_socialaccount_user_id_8146e70c_fk_auth_user_id` (`user_id`),
  CONSTRAINT `socialaccount_socialaccount_user_id_8146e70c_fk_auth_user_id` FOREIGN KEY (`user_id`) REFERENCES `auth_user` (`id`)
) ENGINE=InnoDB AUTO_INCREMENT=2 DEFAULT CHARSET=utf8mb4 COLLATE=utf8mb4_0900_ai_ci;
/*!40101 SET character_set_client = @saved_cs_client */;

--
-- Dumping data for table `socialaccount_socialaccount`
--

LOCK TABLES `socialaccount_socialaccount` WRITE;
/*!40000 ALTER TABLE `socialaccount_socialaccount` DISABLE KEYS */;
/*!40000 ALTER TABLE `socialaccount_socialaccount` ENABLE KEYS */;
UNLOCK TABLES;

--
-- Table structure for table `socialaccount_socialapp`
--

DROP TABLE IF EXISTS `socialaccount_socialapp`;
/*!40101 SET @saved_cs_client     = @@character_set_client */;
/*!40101 SET character_set_client = utf8 */;
CREATE TABLE `socialaccount_socialapp` (
  `id` int NOT NULL AUTO_INCREMENT,
  `provider` varchar(30) NOT NULL,
  `name` varchar(40) NOT NULL,
  `client_id` varchar(191) NOT NULL,
  `secret` varchar(191) NOT NULL,
  `key` varchar(191) NOT NULL,
  `provider_id` varchar(200) NOT NULL,
  `settings` json NOT NULL DEFAULT (_utf8mb3'{}'),
  PRIMARY KEY (`id`)
) ENGINE=InnoDB AUTO_INCREMENT=3 DEFAULT CHARSET=utf8mb4 COLLATE=utf8mb4_0900_ai_ci;
/*!40101 SET character_set_client = @saved_cs_client */;

--
-- Dumping data for table `socialaccount_socialapp`
--

LOCK TABLES `socialaccount_socialapp` WRITE;
/*!40000 ALTER TABLE `socialaccount_socialapp` DISABLE KEYS */;
INSERT INTO `socialaccount_socialapp` VALUES (1,'google','google login','676408612507-qgtn63janua692gmjtoo95i7k166rg8i.apps.googleusercontent.com','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','','','{}'),(2,'github','github login','014fab088ecd05a2aec5','0c26930c696aeb22429fca5b15b8567f0144ac5c','','','{}');
/*!40000 ALTER TABLE `socialaccount_socialapp` ENABLE KEYS */;
UNLOCK TABLES;

--
-- Table structure for table `socialaccount_socialapp_sites`
--

DROP TABLE IF EXISTS `socialaccount_socialapp_sites`;
/*!40101 SET @saved_cs_client     = @@character_set_client */;
/*!40101 SET character_set_client = utf8 */;
CREATE TABLE `socialaccount_socialapp_sites` (
  `id` bigint NOT NULL AUTO_INCREMENT,
  `socialapp_id` int NOT NULL,
  `site_id` int NOT NULL,
  PRIMARY KEY (`id`),
  UNIQUE KEY `socialaccount_socialapp_sites_socialapp_id_site_id_71a9a768_uniq` (`socialapp_id`,`site_id`),
  KEY `socialaccount_socialapp_sites_site_id_2579dee5_fk_django_site_id` (`site_id`),
  CONSTRAINT `socialaccount_social_socialapp_id_97fb6e7d_fk_socialacc` FOREIGN KEY (`socialapp_id`) REFERENCES `socialaccount_socialapp` (`id`),
  CONSTRAINT `socialaccount_socialapp_sites_site_id_2579dee5_fk_django_site_id` FOREIGN KEY (`site_id`) REFERENCES `django_site` (`id`)
) ENGINE=InnoDB AUTO_INCREMENT=3 DEFAULT CHARSET=utf8mb4 COLLATE=utf8mb4_0900_ai_ci;
/*!40101 SET character_set_client = @saved_cs_client */;

--
-- Dumping data for table `socialaccount_socialapp_sites`
--

LOCK TABLES `socialaccount_socialapp_sites` WRITE;
/*!40000 ALTER TABLE `socialaccount_socialapp_sites` DISABLE KEYS */;
INSERT INTO `socialaccount_socialapp_sites` VALUES (1,1,2),(2,2,2);
/*!40000 ALTER TABLE `socialaccount_socialapp_sites` ENABLE KEYS */;
UNLOCK TABLES;

--
-- Table structure for table `socialaccount_socialtoken`
--

DROP TABLE IF EXISTS `socialaccount_socialtoken`;
/*!40101 SET @saved_cs_client     = @@character_set_client */;
/*!40101 SET character_set_client = utf8 */;
CREATE TABLE `socialaccount_socialtoken` (
  `id` int NOT NULL AUTO_INCREMENT,
  `token` longtext NOT NULL,
  `token_secret` longtext NOT NULL,
  `expires_at` datetime(6) DEFAULT NULL,
  `account_id` int NOT NULL,
  `app_id` int DEFAULT NULL,
  PRIMARY KEY (`id`),
  UNIQUE KEY `socialaccount_socialtoken_app_id_account_id_fca4e0ac_uniq` (`app_id`,`account_id`),
  KEY `socialaccount_social_account_id_951f210e_fk_socialacc` (`account_id`),
  CONSTRAINT `socialaccount_social_account_id_951f210e_fk_socialacc` FOREIGN KEY (`account_id`) REFERENCES `socialaccount_socialaccount` (`id`),
  CONSTRAINT `socialaccount_social_app_id_636a42d7_fk_socialacc` FOREIGN KEY (`app_id`) REFERENCES `socialaccount_socialapp` (`id`)
) ENGINE=InnoDB DEFAULT CHARSET=utf8mb4 COLLATE=utf8mb4_0900_ai_ci;
/*!40101 SET character_set_client = @saved_cs_client */;

--
-- Dumping data for table `socialaccount_socialtoken`
--

LOCK TABLES `socialaccount_socialtoken` WRITE;
/*!40000 ALTER TABLE `socialaccount_socialtoken` DISABLE KEYS */;
/*!40000 ALTER TABLE `socialaccount_socialtoken` ENABLE KEYS */;
UNLOCK TABLES;

--
-- Table structure for table `token_blacklist_blacklistedtoken`
--

DROP TABLE IF EXISTS `token_blacklist_blacklistedtoken`;
/*!40101 SET @saved_cs_client     = @@character_set_client */;
/*!40101 SET character_set_client = utf8 */;
CREATE TABLE `token_blacklist_blacklistedtoken` (
  `id` bigint NOT NULL AUTO_INCREMENT,
  `blacklisted_at` datetime(6) NOT NULL,
  `token_id` bigint NOT NULL,
  PRIMARY KEY (`id`),
  UNIQUE KEY `token_id` (`token_id`),
  CONSTRAINT `token_blacklist_blacklistedtoken_token_id_3cc7fe56_fk` FOREIGN KEY (`token_id`) REFERENCES `token_blacklist_outstandingtoken` (`id`)
) ENGINE=InnoDB AUTO_INCREMENT=36 DEFAULT CHARSET=utf8mb4 COLLATE=utf8mb4_0900_ai_ci;
/*!40101 SET character_set_client = @saved_cs_client */;

--
-- Dumping data for table `token_blacklist_blacklistedtoken`
--

LOCK TABLES `token_blacklist_blacklistedtoken` WRITE;
/*!40000 ALTER TABLE `token_blacklist_blacklistedtoken` DISABLE KEYS */;
INSERT INTO `token_blacklist_blacklistedtoken` VALUES (1,'2024-01-31 12:13:23.754025',68),(2,'2024-01-31 12:46:44.626796',69),(3,'2024-01-31 12:46:55.623236',70),(4,'2024-01-31 12:49:25.438945',71),(5,'2024-01-31 12:50:23.224508',72),(6,'2024-01-31 12:51:24.055760',73),(7,'2024-01-31 13:16:10.247416',79),(8,'2024-01-31 13:16:18.618259',80),(9,'2024-01-31 13:16:53.499224',81),(10,'2024-01-31 13:24:28.307720',82),(11,'2024-01-31 13:31:48.357375',83),(12,'2024-01-31 13:35:42.866217',84),(13,'2024-01-31 13:43:27.142110',90),(14,'2024-01-31 14:14:03.157062',96),(15,'2024-01-31 16:52:37.022953',97),(16,'2024-01-31 17:44:51.822792',100),(17,'2024-02-01 11:27:03.091605',105),(18,'2024-02-01 11:58:21.177492',106),(19,'2024-02-02 09:22:26.623360',110),(20,'2024-02-02 09:23:04.793614',111),(21,'2024-02-02 13:40:57.721189',119),(22,'2024-02-02 15:42:17.343459',122),(23,'2024-02-02 15:59:35.929113',124),(24,'2024-02-04 18:41:17.719625',138),(25,'2024-02-06 16:37:07.980079',143),(26,'2024-02-11 12:08:21.492656',151),(27,'2024-02-11 13:05:05.547621',152),(28,'2024-02-13 00:07:16.878779',153),(29,'2024-02-13 00:54:09.975946',155),(30,'2024-02-14 19:16:17.290581',158),(31,'2024-02-14 19:19:17.618430',159),(32,'2024-02-19 16:42:12.081312',162),(33,'2024-02-19 19:51:24.411763',164),(34,'2024-02-20 13:00:16.786320',166),(35,'2024-02-20 14:12:09.669898',167);
/*!40000 ALTER TABLE `token_blacklist_blacklistedtoken` ENABLE KEYS */;
UNLOCK TABLES;

--
-- Table structure for table `token_blacklist_outstandingtoken`
--

DROP TABLE IF EXISTS `token_blacklist_outstandingtoken`;
/*!40101 SET @saved_cs_client     = @@character_set_client */;
/*!40101 SET character_set_client = utf8 */;
CREATE TABLE `token_blacklist_outstandingtoken` (
  `id` bigint NOT NULL AUTO_INCREMENT,
  `token` longtext NOT NULL,
  `created_at` datetime(6) DEFAULT NULL,
  `expires_at` datetime(6) NOT NULL,
  `user_id` int DEFAULT NULL,
  `jti` varchar(255) NOT NULL,
  PRIMARY KEY (`id`),
  UNIQUE KEY `token_blacklist_outstandingtoken_jti_hex_d9bdf6f7_uniq` (`jti`),
  KEY `token_blacklist_outs_user_id_83bc629a_fk_auth_user` (`user_id`),
  CONSTRAINT `token_blacklist_outs_user_id_83bc629a_fk_auth_user` FOREIGN KEY (`user_id`) REFERENCES `auth_user` (`id`)
) ENGINE=InnoDB AUTO_INCREMENT=184 DEFAULT CHARSET=utf8mb4 COLLATE=utf8mb4_0900_ai_ci;
/*!40101 SET character_set_client = @saved_cs_client */;

--
-- Dumping data for table `token_blacklist_outstandingtoken`
--

LOCK TABLES `token_blacklist_outstandingtoken` WRITE;
/*!40000 ALTER TABLE `token_blacklist_outstandingtoken` DISABLE KEYS */;
INSERT INTO `token_blacklist_outstandingtoken` VALUES (1,'eyJhbGciOiJIUzI1NiIsInR5cCI6IkpXVCJ9.eyJ0b2tlbl90eXBlIjoicmVmcmVzaCIsImV4cCI6MTcwODAyODgzOSwiaWF0IjoxNzA2MzAwODM5LCJqdGkiOiI0MWRhY2NlNTBhYzI0YTk5YmZlYTYwYzhjZGU4ZmFjZCIsInVzZXJfaWQiOjF9.Sfhu6849QD7rNMhUyZsv6o3xSQjOpoz9HuTAmDkufes','2024-01-26 20:27:19.696138','2024-02-15 20:27:19.000000',1,'41dacce50ac24a99bfea60c8cde8facd'),(2,'eyJhbGciOiJIUzI1NiIsInR5cCI6IkpXVCJ9.eyJ0b2tlbl90eXBlIjoicmVmcmVzaCIsImV4cCI6MTcwODAyODg2OCwiaWF0IjoxNzA2MzAwODY4LCJqdGkiOiJjMmY2MjBiNzUzY2Y0NmIyYWI0ZGQ5ZWIzNmU3ODczOCIsInVzZXJfaWQiOjF9.AsHNrxKDzJ7QbdeEm---j_g8Yaxen6MtjYTJsKwZuik','2024-01-26 20:27:48.806187','2024-02-15 20:27:48.000000',1,'c2f620b753cf46b2ab4dd9eb36e78738'),(3,'eyJhbGciOiJIUzI1NiIsInR5cCI6IkpXVCJ9.eyJ0b2tlbl90eXBlIjoicmVmcmVzaCIsImV4cCI6MTcwODAyOTA0NiwiaWF0IjoxNzA2MzAxMDQ2LCJqdGkiOiI1NmM4YjQzZTZjZTM0MmFmYmZjZTZmMjkwMzFhOTY1NyIsInVzZXJfaWQiOjF9._-1RCLftb-qGYA8_lTmGdm53x6GGMwsDfmkQ83ia_9k','2024-01-26 20:30:46.875935','2024-02-15 20:30:46.000000',1,'56c8b43e6ce342afbfce6f29031a9657'),(4,'eyJhbGciOiJIUzI1NiIsInR5cCI6IkpXVCJ9.eyJ0b2tlbl90eXBlIjoicmVmcmVzaCIsImV4cCI6MTcwODAyOTM2NiwiaWF0IjoxNzA2MzAxMzY2LCJqdGkiOiJjM2EzZjRiYjYyMzM0ODQ3OGNmYzU1OGU3N2U2YWJjNyIsInVzZXJfaWQiOjF9.a5KTt7E3tqhzlFRdrNRp6wIPekdr0JibiSySdQouEvg','2024-01-26 20:36:06.748848','2024-02-15 20:36:06.000000',1,'c3a3f4bb623348478cfc558e77e6abc7'),(5,'eyJhbGciOiJIUzI1NiIsInR5cCI6IkpXVCJ9.eyJ0b2tlbl90eXBlIjoicmVmcmVzaCIsImV4cCI6MTcwODAzMDAyNCwiaWF0IjoxNzA2MzAyMDI0LCJqdGkiOiIxMGI3OGJkYTUwMmE0M2Q0YjFiNzlhNzEzMTJmNTA5YSIsInVzZXJfaWQiOjF9.nJ6Cp1DrtR2xPlvdC2FDb2n6NT6GBoi_V68O3PTT-kw','2024-01-26 20:47:04.097671','2024-02-15 20:47:04.000000',1,'10b78bda502a43d4b1b79a71312f509a'),(6,'eyJhbGciOiJIUzI1NiIsInR5cCI6IkpXVCJ9.eyJ0b2tlbl90eXBlIjoicmVmcmVzaCIsImV4cCI6MTcwODAzMDA3MywiaWF0IjoxNzA2MzAyMDczLCJqdGkiOiIzNjJkYjNlNWE2YjQ0MDMxODRlZTg0NDQzMDA1NmRhMSIsInVzZXJfaWQiOjF9.dJbxvfc9_QHDtQXHRhM9znB9EpTlYBFpLHIJtxKFqH8','2024-01-26 20:47:53.279510','2024-02-15 20:47:53.000000',1,'362db3e5a6b4403184ee844430056da1'),(7,'eyJhbGciOiJIUzI1NiIsInR5cCI6IkpXVCJ9.eyJ0b2tlbl90eXBlIjoicmVmcmVzaCIsImV4cCI6MTcwODAzMDEwMSwiaWF0IjoxNzA2MzAyMTAxLCJqdGkiOiJhMTBjMjhmNzRlNDk0NDE1YWM5ZGE1YjZhMGFjNmI4MiIsInVzZXJfaWQiOjF9.RQG6PkmFbnloDtHjRTkJ778yd-7SjdV6lofmUftQVt4','2024-01-26 20:48:21.727834','2024-02-15 20:48:21.000000',1,'a10c28f74e494415ac9da5b6a0ac6b82'),(8,'eyJhbGciOiJIUzI1NiIsInR5cCI6IkpXVCJ9.eyJ0b2tlbl90eXBlIjoicmVmcmVzaCIsImV4cCI6MTcwODAzMDE4MiwiaWF0IjoxNzA2MzAyMTgyLCJqdGkiOiJkNjQzNGZlMGQxNTI0NGUwODU2ODJiNTlmMjhiYjQ2MyIsInVzZXJfaWQiOjF9.cZxtrPHGg9jbUJXgg3DGctnJgPzrIsZquJOW9kYo9KI','2024-01-26 20:49:42.109467','2024-02-15 20:49:42.000000',1,'d6434fe0d15244e085682b59f28bb463'),(9,'eyJhbGciOiJIUzI1NiIsInR5cCI6IkpXVCJ9.eyJ0b2tlbl90eXBlIjoicmVmcmVzaCIsImV4cCI6MTcwODAzMDMzMCwiaWF0IjoxNzA2MzAyMzMwLCJqdGkiOiIzZjdjN2EzMGYwYzA0MmYwYTdkMWY5MmI5YWI1YTliOSIsInVzZXJfaWQiOjF9.3RyEOnh20VAEZH6w1pUZMYXOnM7KvTZ3z4lLCTITIGo','2024-01-26 20:52:10.827315','2024-02-15 20:52:10.000000',1,'3f7c7a30f0c042f0a7d1f92b9ab5a9b9'),(10,'eyJhbGciOiJIUzI1NiIsInR5cCI6IkpXVCJ9.eyJ0b2tlbl90eXBlIjoicmVmcmVzaCIsImV4cCI6MTcwODAzMDM1NiwiaWF0IjoxNzA2MzAyMzU2LCJqdGkiOiIxYTMxODBlZWY0NmQ0YTg2YmI1M2M4ZWFhM2I2MDUxOCIsInVzZXJfaWQiOjF9.W822sRuQWVKXkEMU56_-bmQp2L1r8xc1EaP7XD9AKtA','2024-01-26 20:52:36.391965','2024-02-15 20:52:36.000000',1,'1a3180eef46d4a86bb53c8eaa3b60518'),(11,'eyJhbGciOiJIUzI1NiIsInR5cCI6IkpXVCJ9.eyJ0b2tlbl90eXBlIjoicmVmcmVzaCIsImV4cCI6MTcwODAzMDM2NCwiaWF0IjoxNzA2MzAyMzY0LCJqdGkiOiJiZTllN2IxMzUzZTI0NTdlYjVjYmVjMTQzZWE1MGEwZCIsInVzZXJfaWQiOjF9.eKEioqt-_9HDTvDscY7lvqehp8dMyxzvD46xxPMnSK4','2024-01-26 20:52:44.616533','2024-02-15 20:52:44.000000',1,'be9e7b1353e2457eb5cbec143ea50a0d'),(12,'eyJhbGciOiJIUzI1NiIsInR5cCI6IkpXVCJ9.eyJ0b2tlbl90eXBlIjoicmVmcmVzaCIsImV4cCI6MTcwODAzMDQ2NywiaWF0IjoxNzA2MzAyNDY3LCJqdGkiOiI3NWQ1N2E3ZDNlZTY0YTYyYmRkOTA4NmZlZDdiZjExOSIsInVzZXJfaWQiOjF9.l4p8svPctxZMszP6YY3VsfrjYqlaJMeubphm6ZdvOgE','2024-01-26 20:54:27.424715','2024-02-15 20:54:27.000000',1,'75d57a7d3ee64a62bdd9086fed7bf119'),(13,'eyJhbGciOiJIUzI1NiIsInR5cCI6IkpXVCJ9.eyJ0b2tlbl90eXBlIjoicmVmcmVzaCIsImV4cCI6MTcwODAzMDQ4MSwiaWF0IjoxNzA2MzAyNDgxLCJqdGkiOiIyNzA0NTI0ZDE0OWE0ZWM4YTY1MDI3NTY0YTcyOGVjMSIsInVzZXJfaWQiOjF9.TAG78beDVcyR7y53sTmCjKZ3az1_OyOmJF-OtX2sH6E','2024-01-26 20:54:41.272365','2024-02-15 20:54:41.000000',1,'2704524d149a4ec8a65027564a728ec1'),(14,'eyJhbGciOiJIUzI1NiIsInR5cCI6IkpXVCJ9.eyJ0b2tlbl90eXBlIjoicmVmcmVzaCIsImV4cCI6MTcwODAzMDU0MywiaWF0IjoxNzA2MzAyNTQzLCJqdGkiOiI1MDI1MzJhMTE2NjI0MGY0OTA4ZTczOTQxYjhlMGZlMiIsInVzZXJfaWQiOjF9.p7ER7NRkKkEfeM0rfsNpCjNA6Cecpn96G0RAhGUufn0','2024-01-26 20:55:43.675663','2024-02-15 20:55:43.000000',1,'502532a1166240f4908e73941b8e0fe2'),(15,'eyJhbGciOiJIUzI1NiIsInR5cCI6IkpXVCJ9.eyJ0b2tlbl90eXBlIjoicmVmcmVzaCIsImV4cCI6MTcwODI1NDg5NCwiaWF0IjoxNzA2NTI2ODk0LCJqdGkiOiI4Y2RjYmRkYjM3MDA0MmQ4OWQ5NzllOWQyMmM5YmRiNSIsInVzZXJfaWQiOjd9.ljRLZgzdKgXSpu4Y7qZllib5VMfvZn94CFRVn_6BD40','2024-01-29 11:14:54.548158','2024-02-18 11:14:54.000000',NULL,'8cdcbddb370042d89d979e9d22c9bdb5'),(16,'eyJhbGciOiJIUzI1NiIsInR5cCI6IkpXVCJ9.eyJ0b2tlbl90eXBlIjoicmVmcmVzaCIsImV4cCI6MTcwODI1NzgzMiwiaWF0IjoxNzA2NTI5ODMyLCJqdGkiOiJjN2EwMGM3ZDViMTE0OTAzYWI4ZjRjZDYzMGUwMDk3MSIsInVzZXJfaWQiOjF9.jafp0Iv82-TDI3byfjE-yWxfp6Fkk0kKeOHK4tpAUC4','2024-01-29 12:03:52.090106','2024-02-18 12:03:52.000000',1,'c7a00c7d5b114903ab8f4cd630e00971'),(17,'eyJhbGciOiJIUzI1NiIsInR5cCI6IkpXVCJ9.eyJ0b2tlbl90eXBlIjoicmVmcmVzaCIsImV4cCI6MTcwODI1Nzk3MSwiaWF0IjoxNzA2NTI5OTcxLCJqdGkiOiJiY2JjYzYyYTBlMDQ0NzRlOTk3ZWRlNGFkMGM0ZWIzOSIsInVzZXJfaWQiOjM0fQ.hPNrAOlkerbEjKYXKKbZmzHumZOYg1tVX8mmHgA16o4','2024-01-29 12:06:11.044511','2024-02-18 12:06:11.000000',34,'bcbcc62a0e04474e997ede4ad0c4eb39'),(18,'eyJhbGciOiJIUzI1NiIsInR5cCI6IkpXVCJ9.eyJ0b2tlbl90eXBlIjoicmVmcmVzaCIsImV4cCI6MTcwODI1Nzk4OCwiaWF0IjoxNzA2NTI5OTg4LCJqdGkiOiIyZTljMDJkYTVmMjQ0M2Y1ODM3MzA5OWNjYjgzNjQyNSIsInVzZXJfaWQiOjF9.kr6UuCUZmXvL4eRyyLEoPD5RLDIAnG-9I-VH_ttv4vI','2024-01-29 12:06:28.920513','2024-02-18 12:06:28.000000',1,'2e9c02da5f2443f58373099ccb836425'),(19,'eyJhbGciOiJIUzI1NiIsInR5cCI6IkpXVCJ9.eyJ0b2tlbl90eXBlIjoicmVmcmVzaCIsImV4cCI6MTcwODI1ODU1OSwiaWF0IjoxNzA2NTMwNTU5LCJqdGkiOiJhNzQxZjdmNWEzNzk0OGJiOTliNmJiOGY3NTZlMzFjZSIsInVzZXJfaWQiOjF9.XR5u_HzXBQj4iTO-RS-DaJfeXVNuaBLcQqNmF3RwW00','2024-01-29 12:15:59.512947','2024-02-18 12:15:59.000000',1,'a741f7f5a37948bb99b6bb8f756e31ce'),(20,'eyJhbGciOiJIUzI1NiIsInR5cCI6IkpXVCJ9.eyJ0b2tlbl90eXBlIjoicmVmcmVzaCIsImV4cCI6MTcwODI1ODcwMiwiaWF0IjoxNzA2NTMwNzAyLCJqdGkiOiJiZTFmOTRjMzgyN2Y0NmRmYTc2NTFhYTQ0MzFhMjQ2MiIsInVzZXJfaWQiOjF9.GpF0MniVRoLYLSv2EO88WENCAumr9LXQV6YXJCMQRHY','2024-01-29 12:18:22.209567','2024-02-18 12:18:22.000000',1,'be1f94c3827f46dfa7651aa4431a2462'),(21,'eyJhbGciOiJIUzI1NiIsInR5cCI6IkpXVCJ9.eyJ0b2tlbl90eXBlIjoicmVmcmVzaCIsImV4cCI6MTcwODI1ODgwMSwiaWF0IjoxNzA2NTMwODAxLCJqdGkiOiI2YmZlMmUwZmYwZTA0OGU0OTIyOTc1M2M3YTVlZmUwNSIsInVzZXJfaWQiOjF9.mXHtpMTYxXuKrgbAdxDcJOoViLPknMXH-bMSkvA3jvM','2024-01-29 12:20:01.942960','2024-02-18 12:20:01.000000',1,'6bfe2e0ff0e048e49229753c7a5efe05'),(22,'eyJhbGciOiJIUzI1NiIsInR5cCI6IkpXVCJ9.eyJ0b2tlbl90eXBlIjoicmVmcmVzaCIsImV4cCI6MTcwODI1ODgyNCwiaWF0IjoxNzA2NTMwODI0LCJqdGkiOiI5MzM3YWFiY2Y0MzA0MTQ4OWQwZGM0MjAxZmFhOGIwMSIsInVzZXJfaWQiOjF9.fjPONvmPa3wv7Ev5mCeJQjA7lteOcb33nibr4bPNqvc','2024-01-29 12:20:24.238710','2024-02-18 12:20:24.000000',1,'9337aabcf43041489d0dc4201faa8b01'),(23,'eyJhbGciOiJIUzI1NiIsInR5cCI6IkpXVCJ9.eyJ0b2tlbl90eXBlIjoicmVmcmVzaCIsImV4cCI6MTcwODI1ODgzOSwiaWF0IjoxNzA2NTMwODM5LCJqdGkiOiI4ZWRjZWZhMWMwZmY0NDg0OWJjMDIyODNlMmE3NTU2YiIsInVzZXJfaWQiOjF9.gN_w1DOw1kOudpQh4fV7W2DDXoDYG5FVqHWSLHN6ZQw','2024-01-29 12:20:39.386818','2024-02-18 12:20:39.000000',1,'8edcefa1c0ff44849bc02283e2a7556b'),(24,'eyJhbGciOiJIUzI1NiIsInR5cCI6IkpXVCJ9.eyJ0b2tlbl90eXBlIjoicmVmcmVzaCIsImV4cCI6MTcwODI1ODg3NCwiaWF0IjoxNzA2NTMwODc0LCJqdGkiOiI3OTYwNDJlMzFkMzc0NGU1YTM2MjM3MDU0OWNlM2I4YSIsInVzZXJfaWQiOjF9.hS1wkiOuB74Z3bFa73bxn7r6WJhB8CZxbrRt9uDtCgo','2024-01-29 12:21:14.706818','2024-02-18 12:21:14.000000',1,'796042e31d3744e5a362370549ce3b8a'),(25,'eyJhbGciOiJIUzI1NiIsInR5cCI6IkpXVCJ9.eyJ0b2tlbl90eXBlIjoicmVmcmVzaCIsImV4cCI6MTcwODI1ODg5OCwiaWF0IjoxNzA2NTMwODk4LCJqdGkiOiJiMTQ4Njc4Y2JiOWI0YTZmYThjYmI3Nzc5ZGQ4MmZiZiIsInVzZXJfaWQiOjF9.D40XZ080TLxoBRHp7rv48yiCqK2bOX7i9QbGs8kNXHs','2024-01-29 12:21:38.584136','2024-02-18 12:21:38.000000',1,'b148678cbb9b4a6fa8cbb7779dd82fbf'),(26,'eyJhbGciOiJIUzI1NiIsInR5cCI6IkpXVCJ9.eyJ0b2tlbl90eXBlIjoicmVmcmVzaCIsImV4cCI6MTcwODI1ODkzMywiaWF0IjoxNzA2NTMwOTMzLCJqdGkiOiIyMjY1NjkyMTQ4ZTc0Y2QyYTdlMzRlNWZhYjBkYmRlOCIsInVzZXJfaWQiOjF9.-g-XeyI1hkQjuIkgBW34-M-JLTGzHfseEle9k5zHCgs','2024-01-29 12:22:13.068904','2024-02-18 12:22:13.000000',1,'2265692148e74cd2a7e34e5fab0dbde8'),(27,'eyJhbGciOiJIUzI1NiIsInR5cCI6IkpXVCJ9.eyJ0b2tlbl90eXBlIjoicmVmcmVzaCIsImV4cCI6MTcwODI1ODkzNSwiaWF0IjoxNzA2NTMwOTM1LCJqdGkiOiI3ODM0NzRkZGUzYTg0NDQ2YmVlNjAzMGI1ZWYyNDY4OCIsInVzZXJfaWQiOjF9.SjmlMNqxIHV1WpGXQqLiG7GZogiq7HSVaUMdekOGNBU','2024-01-29 12:22:15.743135','2024-02-18 12:22:15.000000',1,'783474dde3a84446bee6030b5ef24688'),(28,'eyJhbGciOiJIUzI1NiIsInR5cCI6IkpXVCJ9.eyJ0b2tlbl90eXBlIjoicmVmcmVzaCIsImV4cCI6MTcwODI1ODk0MSwiaWF0IjoxNzA2NTMwOTQxLCJqdGkiOiJjMWM0NGFkMjE0NDY0MDJjOWYzN2M4MzVhYzgzN2ExNSIsInVzZXJfaWQiOjF9.tCgPyCfFzqva_6zx85iVgT39y1EXdtuT9zTGmXqO5X4','2024-01-29 12:22:21.333005','2024-02-18 12:22:21.000000',1,'c1c44ad21446402c9f37c835ac837a15'),(29,'eyJhbGciOiJIUzI1NiIsInR5cCI6IkpXVCJ9.eyJ0b2tlbl90eXBlIjoicmVmcmVzaCIsImV4cCI6MTcwODI1ODk1MywiaWF0IjoxNzA2NTMwOTUzLCJqdGkiOiJlY2I1YzY2YmEyODg0NWUxYTkxZjUwY2M0OGRkMmY1NyIsInVzZXJfaWQiOjF9.ydOJAzHeh0N0WIBFPccI4Nyqu7x-ZnF-lnxRJN0o1kU','2024-01-29 12:22:33.094758','2024-02-18 12:22:33.000000',1,'ecb5c66ba28845e1a91f50cc48dd2f57'),(30,'eyJhbGciOiJIUzI1NiIsInR5cCI6IkpXVCJ9.eyJ0b2tlbl90eXBlIjoicmVmcmVzaCIsImV4cCI6MTcwODI1ODk3NCwiaWF0IjoxNzA2NTMwOTc0LCJqdGkiOiJhZGM1ZWY5YTA3NTQ0YmJkYTJmOGM3NjhhMzA1NGUzZCIsInVzZXJfaWQiOjF9.WVb-j79oeuJKE68QyWJRwsv3O8Sxsm_-dxtw3KKX66E','2024-01-29 12:22:54.565628','2024-02-18 12:22:54.000000',1,'adc5ef9a07544bbda2f8c768a3054e3d'),(31,'eyJhbGciOiJIUzI1NiIsInR5cCI6IkpXVCJ9.eyJ0b2tlbl90eXBlIjoicmVmcmVzaCIsImV4cCI6MTcwODI1OTAwNSwiaWF0IjoxNzA2NTMxMDA1LCJqdGkiOiI2YTJkM2RiN2RjMGI0OGFkYmQ5NjIyMjhjZTFmODVjMyIsInVzZXJfaWQiOjF9.wjZfyI2CnKdrp6hJ208O5B16T4vrP6jdp_rt0_SYLNw','2024-01-29 12:23:25.681999','2024-02-18 12:23:25.000000',1,'6a2d3db7dc0b48adbd962228ce1f85c3'),(32,'eyJhbGciOiJIUzI1NiIsInR5cCI6IkpXVCJ9.eyJ0b2tlbl90eXBlIjoicmVmcmVzaCIsImV4cCI6MTcwODI1OTM1NywiaWF0IjoxNzA2NTMxMzU3LCJqdGkiOiI0ZWFhOGM0MDY2ZWM0NDNmODEyYTQ4MjA0MDk5ZTU5NCIsInVzZXJfaWQiOjF9.VpEldFiWQhM8SQ6eZAqZvyWRtnT_lcbYvLGjSSB-aq0','2024-01-29 12:29:17.007339','2024-02-18 12:29:17.000000',1,'4eaa8c4066ec443f812a48204099e594'),(33,'eyJhbGciOiJIUzI1NiIsInR5cCI6IkpXVCJ9.eyJ0b2tlbl90eXBlIjoicmVmcmVzaCIsImV4cCI6MTcwODI1OTM3NiwiaWF0IjoxNzA2NTMxMzc2LCJqdGkiOiI2Njc4N2M4NmI4YmU0OTZhYTZmNGU2OTdkM2I3NmE5YyIsInVzZXJfaWQiOjF9.ucG3jrjOlNog2mREUNO2NbH8dbJaC58U2Y6spLY7dEk','2024-01-29 12:29:36.109979','2024-02-18 12:29:36.000000',1,'66787c86b8be496aa6f4e697d3b76a9c'),(34,'eyJhbGciOiJIUzI1NiIsInR5cCI6IkpXVCJ9.eyJ0b2tlbl90eXBlIjoicmVmcmVzaCIsImV4cCI6MTcwODI1OTY1NSwiaWF0IjoxNzA2NTMxNjU1LCJqdGkiOiIyZWE0NDE1NzAwZTY0MGVhODI4YTJmY2EyMjAxZTA0NCIsInVzZXJfaWQiOjF9.zr_1MqSdUcP7NyDvDuhkRTokdo1MOAhcNTYn4NQj42s','2024-01-29 12:34:15.578462','2024-02-18 12:34:15.000000',1,'2ea4415700e640ea828a2fca2201e044'),(35,'eyJhbGciOiJIUzI1NiIsInR5cCI6IkpXVCJ9.eyJ0b2tlbl90eXBlIjoicmVmcmVzaCIsImV4cCI6MTcwODI1OTg1MiwiaWF0IjoxNzA2NTMxODUyLCJqdGkiOiJkNDY5NjVjMDQyZjM0MGZhOGViOGUzYmYyMWU4OGRlMSIsInVzZXJfaWQiOjF9.DGMeeTxS9ldhL4aqZf8MBxqmRqexCSMxBVBP5YOX6LY','2024-01-29 12:37:32.903688','2024-02-18 12:37:32.000000',1,'d46965c042f340fa8eb8e3bf21e88de1'),(36,'eyJhbGciOiJIUzI1NiIsInR5cCI6IkpXVCJ9.eyJ0b2tlbl90eXBlIjoicmVmcmVzaCIsImV4cCI6MTcwODI1OTg2OSwiaWF0IjoxNzA2NTMxODY5LCJqdGkiOiIyMTkzMWYzMTBlMWE0ZTc5OTU3NjhjNTljZTVjMzhjMyIsInVzZXJfaWQiOjF9.F6_HXNr5047O1KsIilpjHBdpehdbLiVfyV1bUXYpKsI','2024-01-29 12:37:49.188274','2024-02-18 12:37:49.000000',1,'21931f310e1a4e7995768c59ce5c38c3'),(37,'eyJhbGciOiJIUzI1NiIsInR5cCI6IkpXVCJ9.eyJ0b2tlbl90eXBlIjoicmVmcmVzaCIsImV4cCI6MTcwODI1OTg5MywiaWF0IjoxNzA2NTMxODkzLCJqdGkiOiI1ZGI1NjY2OGRlYzE0OTJlYmMwMzMyYzE0N2VjMjI4NCIsInVzZXJfaWQiOjF9.qpF0szXUw7fzMpn1KdcaqtZfbs6SW9Wv4uB9GFx4Ito','2024-01-29 12:38:13.833062','2024-02-18 12:38:13.000000',1,'5db56668dec1492ebc0332c147ec2284'),(38,'eyJhbGciOiJIUzI1NiIsInR5cCI6IkpXVCJ9.eyJ0b2tlbl90eXBlIjoicmVmcmVzaCIsImV4cCI6MTcwODI1OTkyNCwiaWF0IjoxNzA2NTMxOTI0LCJqdGkiOiIyNTgwNDYzYzNmZGU0NDk3OTFjN2JjOTdkOGRhZmRhMSIsInVzZXJfaWQiOjF9.DJq2jhN10pSddmxB1wC6XCAnppGtK2c2fuW69-rnaV0','2024-01-29 12:38:44.395367','2024-02-18 12:38:44.000000',1,'2580463c3fde449791c7bc97d8dafda1'),(39,'eyJhbGciOiJIUzI1NiIsInR5cCI6IkpXVCJ9.eyJ0b2tlbl90eXBlIjoicmVmcmVzaCIsImV4cCI6MTcwODI2MDU5NSwiaWF0IjoxNzA2NTMyNTk1LCJqdGkiOiJkZmMzMTc1MzA0OGE0NTFiYTcxNzM4NGFlMzc0NDk3YyIsInVzZXJfaWQiOjF9.7i5lBTHVjvTYNRWrkFwl4StYfdKYj5u9wJH6k2WRjnc','2024-01-29 12:49:55.030951','2024-02-18 12:49:55.000000',1,'dfc31753048a451ba717384ae374497c'),(40,'eyJhbGciOiJIUzI1NiIsInR5cCI6IkpXVCJ9.eyJ0b2tlbl90eXBlIjoicmVmcmVzaCIsImV4cCI6MTcwODI2MTQ4NSwiaWF0IjoxNzA2NTMzNDg1LCJqdGkiOiIyM2VjNDNiZmI5MzA0MWJlYjc1ZTgxYjkzYWY4OTk5NCIsInVzZXJfaWQiOjF9.0kGTNAc8NUX5rqZdBAqsERsubFTs28vf0FxyGMm0KUo','2024-01-29 13:04:45.971587','2024-02-18 13:04:45.000000',1,'23ec43bfb93041beb75e81b93af89994'),(41,'eyJhbGciOiJIUzI1NiIsInR5cCI6IkpXVCJ9.eyJ0b2tlbl90eXBlIjoicmVmcmVzaCIsImV4cCI6MTcwODI2MTQ5MCwiaWF0IjoxNzA2NTMzNDkwLCJqdGkiOiIyZTE5YWI1ZWNkOTU0YzgyYjM1ODM3ZmU3MGFkOWE4NCIsInVzZXJfaWQiOjF9.mZ-6t8EQbCLpnw5UkF3SoO1J3f9KxjPkU3Dfh0LCXmw','2024-01-29 13:04:50.184142','2024-02-18 13:04:50.000000',1,'2e19ab5ecd954c82b35837fe70ad9a84'),(42,'eyJhbGciOiJIUzI1NiIsInR5cCI6IkpXVCJ9.eyJ0b2tlbl90eXBlIjoicmVmcmVzaCIsImV4cCI6MTcwODI2MTQ5MSwiaWF0IjoxNzA2NTMzNDkxLCJqdGkiOiI2NDQ0NTFiZjBkNzc0ODI1YjYyMGI5ODJkMjAwMGE0NSIsInVzZXJfaWQiOjF9.1DX2qLx7OnlC-TCCiHYKVBG9EkBSlSxXdjmb5mALqxo','2024-01-29 13:04:51.121328','2024-02-18 13:04:51.000000',1,'644451bf0d774825b620b982d2000a45'),(43,'eyJhbGciOiJIUzI1NiIsInR5cCI6IkpXVCJ9.eyJ0b2tlbl90eXBlIjoicmVmcmVzaCIsImV4cCI6MTcwODI2MTU2MCwiaWF0IjoxNzA2NTMzNTYwLCJqdGkiOiJlOTMxMzMzYjQzYmQ0Y2FiOGRjNzZhMDc1Nzc5NGRiMiIsInVzZXJfaWQiOjF9.yITyKqX9sVsX7o4xPhPgJfk8AAy_KR8eyD-g8KYHW6g','2024-01-29 13:06:00.892658','2024-02-18 13:06:00.000000',1,'e931333b43bd4cab8dc76a0757794db2'),(44,'eyJhbGciOiJIUzI1NiIsInR5cCI6IkpXVCJ9.eyJ0b2tlbl90eXBlIjoicmVmcmVzaCIsImV4cCI6MTcwODI2MTYzOSwiaWF0IjoxNzA2NTMzNjM5LCJqdGkiOiJiNDgwZWY5OWM2NDA0Mjc3OTA1NGFjNjI2MzhiOWE1MSIsInVzZXJfaWQiOjF9.GVkZnoZJb2-cERp3XZx1hNOM2SallK8ocnleNiaGOmo','2024-01-29 13:07:19.656882','2024-02-18 13:07:19.000000',1,'b480ef99c64042779054ac62638b9a51'),(45,'eyJhbGciOiJIUzI1NiIsInR5cCI6IkpXVCJ9.eyJ0b2tlbl90eXBlIjoicmVmcmVzaCIsImV4cCI6MTcwODI2MjYxOSwiaWF0IjoxNzA2NTM0NjE5LCJqdGkiOiI1MDk2ZmMzMmZhNzk0OWY5YTI4MDAzMTcyNDY2OTJjMCIsInVzZXJfaWQiOjF9.xVBOeBK3uEJJL1aaLCdKV2h3glDTVEPMSzWVwQiwl1A','2024-01-29 13:23:39.431287','2024-02-18 13:23:39.000000',1,'5096fc32fa7949f9a2800317246692c0'),(46,'eyJhbGciOiJIUzI1NiIsInR5cCI6IkpXVCJ9.eyJ0b2tlbl90eXBlIjoicmVmcmVzaCIsImV4cCI6MTcwODMzNTEzNCwiaWF0IjoxNzA2NjA3MTM0LCJqdGkiOiJhOWFjNDI2NzI1ZGQ0MWE3ODE2ZWJkZDViZDMwNzJhMiIsInVzZXJfaWQiOjF9.hPthz32tX17Nq203Dix9q3l7huiggq0vWBuE4peK-Gg','2024-01-30 09:32:14.767218','2024-02-19 09:32:14.000000',1,'a9ac426725dd41a7816ebdd5bd3072a2'),(47,'eyJhbGciOiJIUzI1NiIsInR5cCI6IkpXVCJ9.eyJ0b2tlbl90eXBlIjoicmVmcmVzaCIsImV4cCI6MTcwODMzNTE2NCwiaWF0IjoxNzA2NjA3MTY0LCJqdGkiOiI1YjUyYzg5MjJlMDI0MGVmYWZhZmVlYjMyNTk2ODhkZSIsInVzZXJfaWQiOjF9.iw9niQjS4qm_y8mkyXL4nkVmL4Z0xoaPoXbwMmyzSv4','2024-01-30 09:32:44.802310','2024-02-19 09:32:44.000000',1,'5b52c8922e0240efafafeeb3259688de'),(48,'eyJhbGciOiJIUzI1NiIsInR5cCI6IkpXVCJ9.eyJ0b2tlbl90eXBlIjoicmVmcmVzaCIsImV4cCI6MTcwODMzNzU3NSwiaWF0IjoxNzA2NjA5NTc1LCJqdGkiOiI0MDVmMjU3OTNlMWY0MDEwOThjMmNjYTdkOTY4NTVhMSIsInVzZXJfaWQiOjF9.t4QjlwkBQu0_VUIKbv-ppaRR3jJ0CSa3rSw3diha1So','2024-01-30 10:12:55.967092','2024-02-19 10:12:55.000000',1,'405f25793e1f401098c2cca7d96855a1'),(49,'eyJhbGciOiJIUzI1NiIsInR5cCI6IkpXVCJ9.eyJ0b2tlbl90eXBlIjoicmVmcmVzaCIsImV4cCI6MTcwODMzODAxNSwiaWF0IjoxNzA2NjEwMDE1LCJqdGkiOiJmMGQ2MmQ4ODBiYjY0Y2YzODc4MjE3MWJkYTYzNDI4ZCIsInVzZXJfaWQiOjF9.dZj3tvWuquVgycBb7QWMEZ0RDQHmWVtQAdCRmcQvaqA','2024-01-30 10:20:15.688016','2024-02-19 10:20:15.000000',1,'f0d62d880bb64cf38782171bda63428d'),(50,'eyJhbGciOiJIUzI1NiIsInR5cCI6IkpXVCJ9.eyJ0b2tlbl90eXBlIjoicmVmcmVzaCIsImV4cCI6MTcwODMzODUzNCwiaWF0IjoxNzA2NjEwNTM0LCJqdGkiOiJlYzVlZmU2NTE0ODE0Mjc3OGEyMDZhNzgwMmVjZjgyMyIsInVzZXJfaWQiOjF9.X12Rwi0vpUxeE1IU6MhuHERIbGNze9j7B2lAMh5BGeQ','2024-01-30 10:28:54.107479','2024-02-19 10:28:54.000000',1,'ec5efe65148142778a206a7802ecf823'),(51,'eyJhbGciOiJIUzI1NiIsInR5cCI6IkpXVCJ9.eyJ0b2tlbl90eXBlIjoicmVmcmVzaCIsImV4cCI6MTcwODMzODU5MiwiaWF0IjoxNzA2NjEwNTkyLCJqdGkiOiI2N2JmODRkNTM3N2Q0YzhkOTIwMGNlNzU4YzJmNmU4NCIsInVzZXJfaWQiOjF9.DB3RFN1s1wroV6e3KbVzhu5X6aA8XjZIWEHVEU2cPoo','2024-01-30 10:29:52.805386','2024-02-19 10:29:52.000000',1,'67bf84d5377d4c8d9200ce758c2f6e84'),(52,'eyJhbGciOiJIUzI1NiIsInR5cCI6IkpXVCJ9.eyJ0b2tlbl90eXBlIjoicmVmcmVzaCIsImV4cCI6MTcwODMzODYxMSwiaWF0IjoxNzA2NjEwNjExLCJqdGkiOiJkMTdmOTI5NWM0NTU0ZTI2YjVmNjE3MzBhOWI2ZTI4NSIsInVzZXJfaWQiOjF9.isVFkpVcjcZvL7ikWpB26KwC91RyHkemoVSb3tU_nEs','2024-01-30 10:30:11.411328','2024-02-19 10:30:11.000000',1,'d17f9295c4554e26b5f61730a9b6e285'),(53,'eyJhbGciOiJIUzI1NiIsInR5cCI6IkpXVCJ9.eyJ0b2tlbl90eXBlIjoicmVmcmVzaCIsImV4cCI6MTcwODM0NzEyNSwiaWF0IjoxNzA2NjE5MTI1LCJqdGkiOiIyN2NiMTM4MzM3NzY0OTEyYjkzNTI5MGNiZjRkNGY1NSIsInVzZXJfaWQiOjF9.mraLs3mc_WVwQGMki242_Db97VC43bzoymEp48MFClY','2024-01-30 12:52:05.382069','2024-02-19 12:52:05.000000',1,'27cb138337764912b935290cbf4d4f55'),(54,'eyJhbGciOiJIUzI1NiIsInR5cCI6IkpXVCJ9.eyJ0b2tlbl90eXBlIjoicmVmcmVzaCIsImV4cCI6MTcwODM0OTI1OCwiaWF0IjoxNzA2NjIxMjU4LCJqdGkiOiIyNmQ3YWFiMjljYjc0ZDg4YmM1ZWFiY2I2ZGNlYWUzOCIsInVzZXJfaWQiOjF9.l8bY0_b4p0zXIkuX8THQq7zOhmkV2dgnHv-X1tXdfII','2024-01-30 13:27:38.313368','2024-02-19 13:27:38.000000',1,'26d7aab29cb74d88bc5eabcb6dceae38'),(55,'eyJhbGciOiJIUzI1NiIsInR5cCI6IkpXVCJ9.eyJ0b2tlbl90eXBlIjoicmVmcmVzaCIsImV4cCI6MTcwODM1Mjg2MCwiaWF0IjoxNzA2NjI0ODYwLCJqdGkiOiI1YTQyY2U3NzhlMmY0MzdiOGRmOGM5MjJiYTQwNDE5MiIsInVzZXJfaWQiOjF9.Ic02FCjPfljX5EBjv3qP_fHDrlAumOefnmXSyQPH8Lw','2024-01-30 14:27:40.462919','2024-02-19 14:27:40.000000',1,'5a42ce778e2f437b8df8c922ba404192'),(56,'eyJhbGciOiJIUzI1NiIsInR5cCI6IkpXVCJ9.eyJ0b2tlbl90eXBlIjoicmVmcmVzaCIsImV4cCI6MTcwODM1Mjk1OSwiaWF0IjoxNzA2NjI0OTU5LCJqdGkiOiJkMmMxNmZjMGFmNWU0YTMwYmExODFkMTUwNmI2ZGI1ZSIsInVzZXJfaWQiOjI2fQ.kOuo0fsFMe_iSL21ZExTxeYUTxMkwG5GhR60yvubqvQ','2024-01-30 14:29:19.508197','2024-02-19 14:29:19.000000',26,'d2c16fc0af5e4a30ba181d1506b6db5e'),(57,'eyJhbGciOiJIUzI1NiIsInR5cCI6IkpXVCJ9.eyJ0b2tlbl90eXBlIjoicmVmcmVzaCIsImV4cCI6MTcwODM1MzU0MywiaWF0IjoxNzA2NjI1NTQzLCJqdGkiOiI1YTFiMThjNmJlODk0Zjc3YTRkMWQ3MzBhMjBjZmNhNiIsInVzZXJfaWQiOjF9._7x0PiRBN3eq7HaLK8oHNkEyptIjFeIOeQ5p1Dact9k','2024-01-30 14:39:03.437014','2024-02-19 14:39:03.000000',1,'5a1b18c6be894f77a4d1d730a20cfca6'),(58,'eyJhbGciOiJIUzI1NiIsInR5cCI6IkpXVCJ9.eyJ0b2tlbl90eXBlIjoicmVmcmVzaCIsImV4cCI6MTcwODQyMTc1NCwiaWF0IjoxNzA2NjkzNzU0LCJqdGkiOiJhNWU2ZmMyZWE4Mzg0NDg2OGJkNDU4MzY4YWM4NGNhYSIsInVzZXJfaWQiOjF9.YzfHLeQcdHuXDy9l36p8cGJPLX5d2aSNlx-rWqKa1xI','2024-01-31 09:35:54.470967','2024-02-20 09:35:54.000000',1,'a5e6fc2ea83844868bd458368ac84caa'),(59,'eyJhbGciOiJIUzI1NiIsInR5cCI6IkpXVCJ9.eyJ0b2tlbl90eXBlIjoicmVmcmVzaCIsImV4cCI6MTcwODQyMjY5NCwiaWF0IjoxNzA2Njk0Njk0LCJqdGkiOiIzZWVjM2VjMDc0MWQ0NGM4OGEzOTlkZmYzYTBlODVjZiIsInVzZXJfaWQiOjMwfQ.PL15qDU7JVkKcUeC31eSi3vpZpvwUBiHIC3GeFxQhuY','2024-01-31 09:51:34.752439','2024-02-20 09:51:34.000000',30,'3eec3ec0741d44c88a399dff3a0e85cf'),(60,'eyJhbGciOiJIUzI1NiIsInR5cCI6IkpXVCJ9.eyJ0b2tlbl90eXBlIjoicmVmcmVzaCIsImV4cCI6MTcwODQyMjgwOCwiaWF0IjoxNzA2Njk0ODA4LCJqdGkiOiJjN2RmMDI3Yzk0N2U0ZTI1YWUxOTA3NWU5ZTgzMzk0ZiIsInVzZXJfaWQiOjF9.V0BDXTxsSSpCqYDYYC6lTe_WG_DmNrMewQX5E7wslbM','2024-01-31 09:53:28.457860','2024-02-20 09:53:28.000000',1,'c7df027c947e4e25ae19075e9e83394f'),(61,'eyJhbGciOiJIUzI1NiIsInR5cCI6IkpXVCJ9.eyJ0b2tlbl90eXBlIjoicmVmcmVzaCIsImV4cCI6MTcwODQyMzk0NywiaWF0IjoxNzA2Njk1OTQ3LCJqdGkiOiJhZGMzZTcwMjllYmY0MTNiYTRiZjk1MGRjOWJhNWY4MCIsInVzZXJfaWQiOjF9.aUCZ1alGW4WuwsbtziujYAgMl-NRYJ7kwRZigH_aMWo','2024-01-31 10:12:27.830502','2024-02-20 10:12:27.000000',1,'adc3e7029ebf413ba4bf950dc9ba5f80'),(62,'eyJhbGciOiJIUzI1NiIsInR5cCI6IkpXVCJ9.eyJ0b2tlbl90eXBlIjoicmVmcmVzaCIsImV4cCI6MTcwODQyNjQ3MSwiaWF0IjoxNzA2Njk4NDcxLCJqdGkiOiJlZWYzZDZlZjMzOWE0ZDQ2OGU0NjczNDU5Zjk0MDRiNSIsInVzZXJfaWQiOjF9.5XlUKKjAs-Q6PVaaA5XH5NmGGaCq6oWOa-S-IYzSgso','2024-01-31 10:54:31.458820','2024-02-20 10:54:31.000000',1,'eef3d6ef339a4d468e4673459f9404b5'),(63,'eyJhbGciOiJIUzI1NiIsInR5cCI6IkpXVCJ9.eyJ0b2tlbl90eXBlIjoicmVmcmVzaCIsImV4cCI6MTcwODQyNjUwNywiaWF0IjoxNzA2Njk4NTA3LCJqdGkiOiJjNDFkNWUzNTQzZTc0YTMxODI5YWRjMWRmNmFjNTBiZiIsInVzZXJfaWQiOjMwfQ.Ixj0E11gyx5rrWsAxsG4mEbp-3Fo3qxhnVbTQiY-x1M','2024-01-31 10:55:07.142380','2024-02-20 10:55:07.000000',30,'c41d5e3543e74a31829adc1df6ac50bf'),(64,'eyJhbGciOiJIUzI1NiIsInR5cCI6IkpXVCJ9.eyJ0b2tlbl90eXBlIjoicmVmcmVzaCIsImV4cCI6MTcwODQzMDc0NiwiaWF0IjoxNzA2NzAyNzQ2LCJqdGkiOiI4Njc1OTg0MzczZjY0YTU0YTUzY2FjOWFiZTg3YjUzMSIsInVzZXJfaWQiOjF9.yRIkqAoBPBC2wXXvELlZXAHVQw92eF8Kggvc0HKw0b4','2024-01-31 12:05:46.140198','2024-02-20 12:05:46.000000',1,'8675984373f64a54a53cac9abe87b531'),(65,'eyJhbGciOiJIUzI1NiIsInR5cCI6IkpXVCJ9.eyJ0b2tlbl90eXBlIjoicmVmcmVzaCIsImV4cCI6MTcwODQzMDgwMSwiaWF0IjoxNzA2NzAyODAxLCJqdGkiOiJiMDZkM2I3MGMyMjg0NTljYTA1MmE5Y2QyMzk4NDQ3MCIsInVzZXJfaWQiOjF9.kDqHgQHjQ9OePW2U1GjJvhNWAQaCsdgm-7kGAU8EkY0','2024-01-31 12:06:41.731894','2024-02-20 12:06:41.000000',1,'b06d3b70c228459ca052a9cd23984470'),(66,'eyJhbGciOiJIUzI1NiIsInR5cCI6IkpXVCJ9.eyJ0b2tlbl90eXBlIjoicmVmcmVzaCIsImV4cCI6MTcwODQzMTAxMSwiaWF0IjoxNzA2NzAzMDExLCJqdGkiOiIyYzNhNmIwODUwMGU0M2VlODFiYWY1YWIzNWRlOWM3OCIsInVzZXJfaWQiOjF9.vcZsO42KRtHCsfunjXhtHg3vtRQla_-03mG4qXD_RWk','2024-01-31 12:10:11.880792','2024-02-20 12:10:11.000000',1,'2c3a6b08500e43ee81baf5ab35de9c78'),(67,'eyJhbGciOiJIUzI1NiIsInR5cCI6IkpXVCJ9.eyJ0b2tlbl90eXBlIjoicmVmcmVzaCIsImV4cCI6MTcwODQzMTExOSwiaWF0IjoxNzA2NzAzMTE5LCJqdGkiOiJiMDZkZTUzZTE4YTY0ZDI1YTQyYzBkOTdiOTdiZGFhNSIsInVzZXJfaWQiOjF9.wnINTlT2cSC8zo1-UmNzaUq0c4eqwhdUeyFaAGrhIbc','2024-01-31 12:11:59.681615','2024-02-20 12:11:59.000000',1,'b06de53e18a64d25a42c0d97b97bdaa5'),(68,'eyJhbGciOiJIUzI1NiIsInR5cCI6IkpXVCJ9.eyJ0b2tlbl90eXBlIjoicmVmcmVzaCIsImV4cCI6MTcwODQzMTE2MSwiaWF0IjoxNzA2NzAzMTYxLCJqdGkiOiJlYjZhNmM0MGE0YzY0YTBjYTgyMTk4ZDRlZTk1NGNjNiIsInVzZXJfaWQiOjF9.d7cvazNWOuTuWP9aWDh0C5piQwNsvzAIaHiz9Kt-AAY','2024-01-31 12:12:41.272971','2024-02-20 12:12:41.000000',1,'eb6a6c40a4c64a0ca82198d4ee954cc6'),(69,'eyJhbGciOiJIUzI1NiIsInR5cCI6IkpXVCJ9.eyJ0b2tlbl90eXBlIjoicmVmcmVzaCIsImV4cCI6MTcwODQzMTI4MiwiaWF0IjoxNzA2NzAzMjgyLCJqdGkiOiI3ZGE1MzNhMzJlOGI0YTc4OTNhYjM5ZmRiOTY2Njc0NCIsInVzZXJfaWQiOjF9.x6xHTyjGfQ0cSbNyTLWIwZgFYSiXg5dMDq7zcW7iMZM','2024-01-31 12:14:42.756152','2024-02-20 12:14:42.000000',1,'7da533a32e8b4a7893ab39fdb9666744'),(70,'eyJhbGciOiJIUzI1NiIsInR5cCI6IkpXVCJ9.eyJ0b2tlbl90eXBlIjoicmVmcmVzaCIsImV4cCI6MTcwODQzMzIxNCwiaWF0IjoxNzA2NzA1MjE0LCJqdGkiOiJiYTc2ZTNkYzIyYmM0MjUzOGI1ZTUwMGMxMmFhMTgyZSIsInVzZXJfaWQiOjF9.qWNYoosuJn7C0haynP2_55yVn_aTw7tjDnsdVVX6QBU','2024-01-31 12:46:54.765846','2024-02-20 12:46:54.000000',1,'ba76e3dc22bc42538b5e500c12aa182e'),(71,'eyJhbGciOiJIUzI1NiIsInR5cCI6IkpXVCJ9.eyJ0b2tlbl90eXBlIjoicmVmcmVzaCIsImV4cCI6MTcwODQzMzM2MywiaWF0IjoxNzA2NzA1MzYzLCJqdGkiOiIzNmI3MDJmNmRiNDA0YTM5OTY0NDE2ZjlmMGI2N2ZlMiIsInVzZXJfaWQiOjF9.gCZhYvrYsxnj4tVNWLXF18UYY4dPbxrUwAej7MW-INU','2024-01-31 12:49:23.159576','2024-02-20 12:49:23.000000',1,'36b702f6db404a39964416f9f0b67fe2'),(72,'eyJhbGciOiJIUzI1NiIsInR5cCI6IkpXVCJ9.eyJ0b2tlbl90eXBlIjoicmVmcmVzaCIsImV4cCI6MTcwODQzMzQxNCwiaWF0IjoxNzA2NzA1NDE0LCJqdGkiOiI0MjIzZmFhZDgwMmI0YmE2OWYxODk1NmEwNjk0NzkxZCIsInVzZXJfaWQiOjF9.GwBgnLmYs1-OdvyF5x0-qopxi97EIbCUFMLQvdYZ3gI','2024-01-31 12:50:14.336069','2024-02-20 12:50:14.000000',1,'4223faad802b4ba69f18956a0694791d'),(73,'eyJhbGciOiJIUzI1NiIsInR5cCI6IkpXVCJ9.eyJ0b2tlbl90eXBlIjoicmVmcmVzaCIsImV4cCI6MTcwODQzMzQ3NywiaWF0IjoxNzA2NzA1NDc3LCJqdGkiOiJjODg0MTUxM2QzYTA0MzE3OWU3NmMzOGVjNTM0YmYxOSIsInVzZXJfaWQiOjF9.salsJjNdzuMSFwrdTu0fTvYqW3rfPIL8GNR3If9_j8M','2024-01-31 12:51:17.831113','2024-02-20 12:51:17.000000',1,'c8841513d3a043179e76c38ec534bf19'),(74,'eyJhbGciOiJIUzI1NiIsInR5cCI6IkpXVCJ9.eyJ0b2tlbl90eXBlIjoicmVmcmVzaCIsImV4cCI6MTcwODQzMzUxMSwiaWF0IjoxNzA2NzA1NTExLCJqdGkiOiJmNDk0OTFiYjhiMTA0ZTgzYWVjNzdjNzFiNzM1YWI4MCIsInVzZXJfaWQiOjF9._5teAWv6EPteJCJ3xnmLAbs40it75xpyd5j1zrKY8v4','2024-01-31 12:51:51.341500','2024-02-20 12:51:51.000000',1,'f49491bb8b104e83aec77c71b735ab80'),(75,'eyJhbGciOiJIUzI1NiIsInR5cCI6IkpXVCJ9.eyJ0b2tlbl90eXBlIjoicmVmcmVzaCIsImV4cCI6MTcwODQzMzYzNCwiaWF0IjoxNzA2NzA1NjM0LCJqdGkiOiJhYjZjNDEzMDljN2I0OGZkYjQ3ZTQxOGYyMjc4YjM4MSIsInVzZXJfaWQiOjF9.lf-0B8TRPWFeH5oXP77y01wvGOom79goekcwfS6eSSw','2024-01-31 12:53:54.431545','2024-02-20 12:53:54.000000',1,'ab6c41309c7b48fdb47e418f2278b381'),(76,'eyJhbGciOiJIUzI1NiIsInR5cCI6IkpXVCJ9.eyJ0b2tlbl90eXBlIjoicmVmcmVzaCIsImV4cCI6MTcwODQzMzg3MywiaWF0IjoxNzA2NzA1ODczLCJqdGkiOiIzMTBmNGI0MDczZDE0NDZjYjIxODVmYWQ5NjRiYzA1NiIsInVzZXJfaWQiOjF9.fnnhiocAHuJI1FwTR0Ahdp_3tT-pHsFsAoQAvyQq0Pw','2024-01-31 12:57:53.094623','2024-02-20 12:57:53.000000',1,'310f4b4073d1446cb2185fad964bc056'),(77,'eyJhbGciOiJIUzI1NiIsInR5cCI6IkpXVCJ9.eyJ0b2tlbl90eXBlIjoicmVmcmVzaCIsImV4cCI6MTcwODQzNDQwNywiaWF0IjoxNzA2NzA2NDA3LCJqdGkiOiI0N2E4ODVmNGUwMDc0Yzg0ODcxNDQ5ZjI0OGRkMzM4NiIsInVzZXJfaWQiOjF9.OwILa3MvenDfdJjje7iDb1TEACmpMDXTCvMm1Jna8KM','2024-01-31 13:06:47.329254','2024-02-20 13:06:47.000000',1,'47a885f4e0074c84871449f248dd3386'),(78,'eyJhbGciOiJIUzI1NiIsInR5cCI6IkpXVCJ9.eyJ0b2tlbl90eXBlIjoicmVmcmVzaCIsImV4cCI6MTcwODQzNDU5NiwiaWF0IjoxNzA2NzA2NTk2LCJqdGkiOiJmOTlkMGQ0NTZlMzk0ODZmYjQ0YzU0ZmIyYTFmZjRhOSIsInVzZXJfaWQiOjF9.ZBpTaT8EpuQXDDmUeFwXdEs9rUuu8AnKnSdxCaR0158','2024-01-31 13:09:56.945596','2024-02-20 13:09:56.000000',1,'f99d0d456e39486fb44c54fb2a1ff4a9'),(79,'eyJhbGciOiJIUzI1NiIsInR5cCI6IkpXVCJ9.eyJ0b2tlbl90eXBlIjoicmVmcmVzaCIsImV4cCI6MTcwODQzNDkyMiwiaWF0IjoxNzA2NzA2OTIyLCJqdGkiOiI3OGQ5OWIwODRiOGQ0OTFhYjAzNzFjODZiZTcxNmEyYyIsInVzZXJfaWQiOjF9.vuq8mUyqUbd7CulQGvRW1Ipyj-0HtRsPTE9Ar95mF54','2024-01-31 13:15:22.728147','2024-02-20 13:15:22.000000',1,'78d99b084b8d491ab0371c86be716a2c'),(80,'eyJhbGciOiJIUzI1NiIsInR5cCI6IkpXVCJ9.eyJ0b2tlbl90eXBlIjoicmVmcmVzaCIsImV4cCI6MTcwODQzNDk3NCwiaWF0IjoxNzA2NzA2OTc0LCJqdGkiOiJhZWQzMzRkM2NkNTk0MmE2YjQ4NzMyY2Y4MDcyYWEwZCIsInVzZXJfaWQiOjF9.UJEgWrGeuhqiW1PiJ6UNifcz0VnXge3kTsLj2tFnvzQ','2024-01-31 13:16:14.550938','2024-02-20 13:16:14.000000',1,'aed334d3cd5942a6b48732cf8072aa0d'),(81,'eyJhbGciOiJIUzI1NiIsInR5cCI6IkpXVCJ9.eyJ0b2tlbl90eXBlIjoicmVmcmVzaCIsImV4cCI6MTcwODQzNDk5NywiaWF0IjoxNzA2NzA2OTk3LCJqdGkiOiI5YTAxZjAzMjhmNTY0OGI0OTVkN2MyYjFiZmZmYWExYiIsInVzZXJfaWQiOjF9._FXk3YE7Tg-RjMTrbWrs_gez7hOROrtWZonzT7ZPLjs','2024-01-31 13:16:37.343612','2024-02-20 13:16:37.000000',1,'9a01f0328f5648b495d7c2b1bfffaa1b'),(82,'eyJhbGciOiJIUzI1NiIsInR5cCI6IkpXVCJ9.eyJ0b2tlbl90eXBlIjoicmVmcmVzaCIsImV4cCI6MTcwODQzNTI5MiwiaWF0IjoxNzA2NzA3MjkyLCJqdGkiOiIyMGRlM2Q1OWEwZjU0NTBhYmVjZWY1ZDhjMzU5ZGVmYSIsInVzZXJfaWQiOjF9.CIx4dFDcraKZ7IN0EysnQGwWm1jNU0cKZHD7LzekxNI','2024-01-31 13:21:32.224721','2024-02-20 13:21:32.000000',1,'20de3d59a0f5450abecef5d8c359defa'),(83,'eyJhbGciOiJIUzI1NiIsInR5cCI6IkpXVCJ9.eyJ0b2tlbl90eXBlIjoicmVmcmVzaCIsImV4cCI6MTcwODQzNTQ3MSwiaWF0IjoxNzA2NzA3NDcxLCJqdGkiOiI1MmY4MWU4MzcxYjE0OTZlYmMwODA1NGJjMThhYWUwOSIsInVzZXJfaWQiOjF9.se_XmvGkZOEpJXVzFp7gxeah3kujEyvY7Wm8xj0L1ZU','2024-01-31 13:24:31.927838','2024-02-20 13:24:31.000000',1,'52f81e8371b1496ebc08054bc18aae09'),(84,'eyJhbGciOiJIUzI1NiIsInR5cCI6IkpXVCJ9.eyJ0b2tlbl90eXBlIjoicmVmcmVzaCIsImV4cCI6MTcwODQzNTkxMSwiaWF0IjoxNzA2NzA3OTExLCJqdGkiOiI2Y2MwMzQ1ZTk3NTI0YjE3ODk4N2I1NWU5MWNkMDg3MiIsInVzZXJfaWQiOjF9.PKGlvsOckR6gld-cT3UkgFSUUtlaV8b164HFAZNu7Vw','2024-01-31 13:31:51.999381','2024-02-20 13:31:51.000000',1,'6cc0345e97524b178987b55e91cd0872'),(85,'eyJhbGciOiJIUzI1NiIsInR5cCI6IkpXVCJ9.eyJ0b2tlbl90eXBlIjoicmVmcmVzaCIsImV4cCI6MTcwODQzNjE0OSwiaWF0IjoxNzA2NzA4MTQ5LCJqdGkiOiIyMjJiMWIwYWVjYjA0MmFkODU1Yzk4YzAxOGUxZjc0YiIsInVzZXJfaWQiOjF9.Fka7qFQO-r6Plmzf88M73GqxU2U8Ew68DRPfnXGuXn8','2024-01-31 13:35:49.935065','2024-02-20 13:35:49.000000',1,'222b1b0aecb042ad855c98c018e1f74b'),(86,'eyJhbGciOiJIUzI1NiIsInR5cCI6IkpXVCJ9.eyJ0b2tlbl90eXBlIjoicmVmcmVzaCIsImV4cCI6MTcwODQzNjMxNiwiaWF0IjoxNzA2NzA4MzE2LCJqdGkiOiJmOGI4YzY1OWQ1ZWM0NmNiYjlhY2IxMWZhYmVmY2RhMSIsInVzZXJfaWQiOjF9.CslA8sLike5xORpd1uojo_RS2o1_mUGpWr_ZNuXD-g8','2024-01-31 13:38:36.338306','2024-02-20 13:38:36.000000',1,'f8b8c659d5ec46cbb9acb11fabefcda1'),(87,'eyJhbGciOiJIUzI1NiIsInR5cCI6IkpXVCJ9.eyJ0b2tlbl90eXBlIjoicmVmcmVzaCIsImV4cCI6MTcwODQzNjM0NiwiaWF0IjoxNzA2NzA4MzQ2LCJqdGkiOiI3Y2I3N2Y5MDI0MTE0ZWFlYWY4NTdiMjY2NmY3ZTQ0MSIsInVzZXJfaWQiOjF9.hEC0ZWw1rlnsli74rQWbkiHPNwvWiH9Zl6GSG77Z_YI','2024-01-31 13:39:06.586375','2024-02-20 13:39:06.000000',1,'7cb77f9024114eaeaf857b2666f7e441'),(88,'eyJhbGciOiJIUzI1NiIsInR5cCI6IkpXVCJ9.eyJ0b2tlbl90eXBlIjoicmVmcmVzaCIsImV4cCI6MTcwODQzNjQ4OCwiaWF0IjoxNzA2NzA4NDg4LCJqdGkiOiIxZDU0NzU2YTIwNzY0NzYzYjhiMjkwZWU2ZDgzZGQ5NiIsInVzZXJfaWQiOjF9.UqHqze2mWXvpB1zXnrIj9UpWcmV_bj3hBo78d7J9S5E','2024-01-31 13:41:28.539517','2024-02-20 13:41:28.000000',1,'1d54756a20764763b8b290ee6d83dd96'),(89,'eyJhbGciOiJIUzI1NiIsInR5cCI6IkpXVCJ9.eyJ0b2tlbl90eXBlIjoicmVmcmVzaCIsImV4cCI6MTcwODQzNjUwOSwiaWF0IjoxNzA2NzA4NTA5LCJqdGkiOiIzMDY3MzhlYmE3Yjg0MGMxOGE0YzUzYjhmZDUyMmQzNCIsInVzZXJfaWQiOjF9.3BmHYiWliRHDNc8Q10kchvWgAWsSOuCZ2K6DE0N2SBI','2024-01-31 13:41:49.249070','2024-02-20 13:41:49.000000',1,'306738eba7b840c18a4c53b8fd522d34'),(90,'eyJhbGciOiJIUzI1NiIsInR5cCI6IkpXVCJ9.eyJ0b2tlbl90eXBlIjoicmVmcmVzaCIsImV4cCI6MTcwODQzNjYwNiwiaWF0IjoxNzA2NzA4NjA2LCJqdGkiOiIxNmYyOWY0ZGEzZmE0MTEwOTQzYTAxODcxZmFkZDQxZCIsInVzZXJfaWQiOjF9.ptHGaQX-xZfio4Fka4gRjHa07bL1AIcm5SAXwTZPQpQ','2024-01-31 13:43:26.063657','2024-02-20 13:43:26.000000',1,'16f29f4da3fa4110943a01871fadd41d'),(91,'eyJhbGciOiJIUzI1NiIsInR5cCI6IkpXVCJ9.eyJ0b2tlbl90eXBlIjoicmVmcmVzaCIsImV4cCI6MTcwODQzNzYzMSwiaWF0IjoxNzA2NzA5NjMxLCJqdGkiOiI5NTFlNTkzMGY5OGY0NjExYWJkNjEzYTI5Yjg0ZjM3MiIsInVzZXJfaWQiOjF9.KO4I4zSJRzEgNimUrUBfNmkF7oPexzkvEAiRxCIKl2Y','2024-01-31 14:00:31.682628','2024-02-20 14:00:31.000000',1,'951e5930f98f4611abd613a29b84f372'),(92,'eyJhbGciOiJIUzI1NiIsInR5cCI6IkpXVCJ9.eyJ0b2tlbl90eXBlIjoicmVmcmVzaCIsImV4cCI6MTcwODQzNzczMywiaWF0IjoxNzA2NzA5NzMzLCJqdGkiOiI2ODFhM2NhY2IzNDk0MTFhOWMzYjg5NjdkMmQxMDFhZiIsInVzZXJfaWQiOjF9.9Qc7Y51tetu_67l7v5Na7-YJ5rW6bNCUhik19riAhBk','2024-01-31 14:02:13.875373','2024-02-20 14:02:13.000000',1,'681a3cacb349411a9c3b8967d2d101af'),(93,'eyJhbGciOiJIUzI1NiIsInR5cCI6IkpXVCJ9.eyJ0b2tlbl90eXBlIjoicmVmcmVzaCIsImV4cCI6MTcwODQzNzc2NSwiaWF0IjoxNzA2NzA5NzY1LCJqdGkiOiIzN2FiNWNmYzkyNTU0ZTVlOWExZGFjYTBjZTYzMTgyMiIsInVzZXJfaWQiOjF9.gGY09zey7JBhTdpD6YlyzisMfFAeBSv8gzvjV9PoJM8','2024-01-31 14:02:45.191281','2024-02-20 14:02:45.000000',1,'37ab5cfc92554e5e9a1daca0ce631822'),(94,'eyJhbGciOiJIUzI1NiIsInR5cCI6IkpXVCJ9.eyJ0b2tlbl90eXBlIjoicmVmcmVzaCIsImV4cCI6MTcwODQzODIyNiwiaWF0IjoxNzA2NzEwMjI2LCJqdGkiOiJiMDQzMTA2ZTNlMTM0NjE1YjM1YzQ2NGY0NjBiNjllYyIsInVzZXJfaWQiOjF9.5i2qbSwKlzTdbZpaQGSwELpCFk1BHgDm7J79ttgaRCw','2024-01-31 14:10:26.882543','2024-02-20 14:10:26.000000',1,'b043106e3e134615b35c464f460b69ec'),(95,'eyJhbGciOiJIUzI1NiIsInR5cCI6IkpXVCJ9.eyJ0b2tlbl90eXBlIjoicmVmcmVzaCIsImV4cCI6MTcwODQzODM0NSwiaWF0IjoxNzA2NzEwMzQ1LCJqdGkiOiI3Zjk3MjkyOWU0MGM0OTkxYmRmMjhhZWNlOTljY2RiZCIsInVzZXJfaWQiOjF9.cY4i5v6y85SnPbR80p5EKWWohXJU68uDcLp6LFjKhjM','2024-01-31 14:12:25.271528','2024-02-20 14:12:25.000000',1,'7f972929e40c4991bdf28aece99ccdbd'),(96,'eyJhbGciOiJIUzI1NiIsInR5cCI6IkpXVCJ9.eyJ0b2tlbl90eXBlIjoicmVmcmVzaCIsImV4cCI6MTcwODQzODQzNSwiaWF0IjoxNzA2NzEwNDM1LCJqdGkiOiJhNjRmYTU5ODlhMzc0MjFjOTM3NjY4NjIwMjcwZmM5YSIsInVzZXJfaWQiOjF9.AG9G9O3XJ1N-PlAvbP6drmae0i_5XzO1qxf5D0b1cik','2024-01-31 14:13:55.942445','2024-02-20 14:13:55.000000',1,'a64fa5989a37421c937668620270fc9a'),(97,'eyJhbGciOiJIUzI1NiIsInR5cCI6IkpXVCJ9.eyJ0b2tlbl90eXBlIjoicmVmcmVzaCIsImV4cCI6MTcwODQ0NjI1MSwiaWF0IjoxNzA2NzE4MjUxLCJqdGkiOiJjOGQxZWZkZWEzYTQ0MzJlODRmMDA1NzQ2N2NkZDNmYyIsInVzZXJfaWQiOjF9.fubgBfAYKISwMCmGdFVmCTtvRL1s-40km1akjvvDntw','2024-01-31 16:24:11.500172','2024-02-20 16:24:11.000000',1,'c8d1efdea3a4432e84f0057467cdd3fc'),(98,'eyJhbGciOiJIUzI1NiIsInR5cCI6IkpXVCJ9.eyJ0b2tlbl90eXBlIjoicmVmcmVzaCIsImV4cCI6MTcwODQ0NjI2OCwiaWF0IjoxNzA2NzE4MjY4LCJqdGkiOiI4YWQxOGFiNDYzNDY0ZDE0YWZmMDY3YWMyMmEyYzJiZSIsInVzZXJfaWQiOjF9.92KkaTdQkTpONRIPmHzdMuV34FTW-nz0haUq0_KtpGk','2024-01-31 16:24:28.280350','2024-02-20 16:24:28.000000',1,'8ad18ab463464d14aff067ac22a2c2be'),(99,'eyJhbGciOiJIUzI1NiIsInR5cCI6IkpXVCJ9.eyJ0b2tlbl90eXBlIjoicmVmcmVzaCIsImV4cCI6MTcwODQ0Nzk2MiwiaWF0IjoxNzA2NzE5OTYyLCJqdGkiOiIyZTQwM2ZkYjU0Y2U0OGY5OTNjYmJlZmViZTE5ZjRhZCIsInVzZXJfaWQiOjF9.luY_yM_i0KCuF0e-ZHXFTvoSFebfKqLuwoQ-E38K6O8','2024-01-31 16:52:42.578038','2024-02-20 16:52:42.000000',1,'2e403fdb54ce48f993cbbefebe19f4ad'),(100,'eyJhbGciOiJIUzI1NiIsInR5cCI6IkpXVCJ9.eyJ0b2tlbl90eXBlIjoicmVmcmVzaCIsImV4cCI6MTcwODQ1MDk5MywiaWF0IjoxNzA2NzIyOTkzLCJqdGkiOiIxNTIyZGFiMDY4YjU0YzYxYTdiZTBiMjgxOWU5OGE0NiIsInVzZXJfaWQiOjF9.PFf8kIp1QuO-ZrfppH7RsIsxf46UFpB0ymH_pYWKf6E','2024-01-31 17:43:13.931514','2024-02-20 17:43:13.000000',1,'1522dab068b54c61a7be0b2819e98a46'),(101,'eyJhbGciOiJIUzI1NiIsInR5cCI6IkpXVCJ9.eyJ0b2tlbl90eXBlIjoicmVmcmVzaCIsImV4cCI6MTcwODQ1MTA5NSwiaWF0IjoxNzA2NzIzMDk1LCJqdGkiOiIwZjJhNGFmNjU1MTk0NTJmODljNTMwZTc1MTZkMTNiYiIsInVzZXJfaWQiOjF9.Vg-P_5coVuI9HZsd8ZTouLP7H9TA9cXMTwHvv5wLYw8','2024-01-31 17:44:55.565353','2024-02-20 17:44:55.000000',1,'0f2a4af65519452f89c530e7516d13bb'),(102,'eyJhbGciOiJIUzI1NiIsInR5cCI6IkpXVCJ9.eyJ0b2tlbl90eXBlIjoicmVmcmVzaCIsImV4cCI6MTcwODQ1Mjc3NSwiaWF0IjoxNzA2NzI0Nzc1LCJqdGkiOiI5ZWM2YzkxZjA2Yjc0ZmZhYTMwNTUwNjI3MjRmNDZjNiIsInVzZXJfaWQiOjF9.JRsEGBAbrEELMFta2i1I57G33P2I8DDiYTZHsx-9kFg','2024-01-31 18:12:55.892885','2024-02-20 18:12:55.000000',1,'9ec6c91f06b74ffaa3055062724f46c6'),(103,'eyJhbGciOiJIUzI1NiIsInR5cCI6IkpXVCJ9.eyJ0b2tlbl90eXBlIjoicmVmcmVzaCIsImV4cCI6MTcwODUwNzUzMywiaWF0IjoxNzA2Nzc5NTMzLCJqdGkiOiIzMDc4NjY1ZDBkODU0ZTQzOTY4ZGY1MTkwY2U1YzhhMSIsInVzZXJfaWQiOjF9.3ralis1yPjvKnR_hTvyk-v-o65oDl6uwW81AWEH9BAs','2024-02-01 09:25:33.873196','2024-02-21 09:25:33.000000',1,'3078665d0d854e43968df5190ce5c8a1'),(104,'eyJhbGciOiJIUzI1NiIsInR5cCI6IkpXVCJ9.eyJ0b2tlbl90eXBlIjoicmVmcmVzaCIsImV4cCI6MTcwODUwODY4NiwiaWF0IjoxNzA2NzgwNjg2LCJqdGkiOiJhNjQwNjdjNDM5Nzc0NTM5YjgwODU3NjhlZDFmZTdjNSIsInVzZXJfaWQiOjF9.qOS6KFFOopqHqLwy-557f0odDViMZpUIse1jr9e6u9o','2024-02-01 09:44:46.204624','2024-02-21 09:44:46.000000',1,'a64067c439774539b8085768ed1fe7c5'),(105,'eyJhbGciOiJIUzI1NiIsInR5cCI6IkpXVCJ9.eyJ0b2tlbl90eXBlIjoicmVmcmVzaCIsImV4cCI6MTcwODUxMjY1OCwiaWF0IjoxNzA2Nzg0NjU4LCJqdGkiOiI3YjIzOGNiZDFmNjc0NjU4OTUwYTE0YWEwMmQ0NGVlMyIsInVzZXJfaWQiOjF9.y4zeD579-DJB2M1N4F3Euu2NNLQRTQej4E6NJ_bOjXE','2024-02-01 10:50:58.923811','2024-02-21 10:50:58.000000',1,'7b238cbd1f674658950a14aa02d44ee3'),(106,'eyJhbGciOiJIUzI1NiIsInR5cCI6IkpXVCJ9.eyJ0b2tlbl90eXBlIjoicmVmcmVzaCIsImV4cCI6MTcwODUxNDgyNiwiaWF0IjoxNzA2Nzg2ODI2LCJqdGkiOiJhOWFmNmU1MWNiMzg0ZmM2YmExZGQ0YWQ0ZjFmYTQ4MSIsInVzZXJfaWQiOjF9.xeOd6AAxOyLyr-A0H493BSyW6aDYKlg_sXLg8tWNOYc','2024-02-01 11:27:06.425146','2024-02-21 11:27:06.000000',1,'a9af6e51cb384fc6ba1dd4ad4f1fa481'),(107,'eyJhbGciOiJIUzI1NiIsInR5cCI6IkpXVCJ9.eyJ0b2tlbl90eXBlIjoicmVmcmVzaCIsImV4cCI6MTcwODUxNTc3NiwiaWF0IjoxNzA2Nzg3Nzc2LCJqdGkiOiJhMTJiMWNjZGNlMGE0OWYwOGQ1M2MxMGFkY2M2YjY3ZSIsInVzZXJfaWQiOjF9.5CDVJxjVsvQT_y4LX0x0uw2SeZo3u-v3Ccuxocmu8ps','2024-02-01 11:42:56.093434','2024-02-21 11:42:56.000000',1,'a12b1ccdce0a49f08d53c10adcc6b67e'),(108,'eyJhbGciOiJIUzI1NiIsInR5cCI6IkpXVCJ9.eyJ0b2tlbl90eXBlIjoicmVmcmVzaCIsImV4cCI6MTcwODUxNjcwNCwiaWF0IjoxNzA2Nzg4NzA0LCJqdGkiOiJmYmEyNmFkNDliMzY0YTE4YjBmYjc5NTAzMWZhYzE2NyIsInVzZXJfaWQiOjF9.unXN_uoLuH5witAU6J2Wor9aGGqcz5zWGPpUebWHiaw','2024-02-01 11:58:24.812456','2024-02-21 11:58:24.000000',1,'fba26ad49b364a18b0fb795031fac167'),(109,'eyJhbGciOiJIUzI1NiIsInR5cCI6IkpXVCJ9.eyJ0b2tlbl90eXBlIjoicmVmcmVzaCIsImV4cCI6MTcwODU5MDcwMiwiaWF0IjoxNzA2ODYyNzAyLCJqdGkiOiIwZGIxNzIyNGRhYTI0MTMxYTdmNGIxNWY0YzE2Y2E0ZiIsInVzZXJfaWQiOjF9.9k9uYw8IYi9J_gCeIUXJylJyQZrocBSC33BW_mPmkX8','2024-02-02 08:31:42.603253','2024-02-22 08:31:42.000000',1,'0db17224daa24131a7f4b15f4c16ca4f'),(110,'eyJhbGciOiJIUzI1NiIsInR5cCI6IkpXVCJ9.eyJ0b2tlbl90eXBlIjoicmVmcmVzaCIsImV4cCI6MTcwODU5MzcyOCwiaWF0IjoxNzA2ODY1NzI4LCJqdGkiOiI4ZTE3M2EyM2I4ZDM0YjMzOWI3MWFmNGFlNjYyYTMxZSIsInVzZXJfaWQiOjF9.UlakRK6AtDkdfTI2UWdgwr20MOYGs7foKXR6_kM1izU','2024-02-02 09:22:08.641752','2024-02-22 09:22:08.000000',1,'8e173a23b8d34b339b71af4ae662a31e'),(111,'eyJhbGciOiJIUzI1NiIsInR5cCI6IkpXVCJ9.eyJ0b2tlbl90eXBlIjoicmVmcmVzaCIsImV4cCI6MTcwODU5Mzc0OSwiaWF0IjoxNzA2ODY1NzQ5LCJqdGkiOiJhNDM0ZTBmNTlmMGY0MDE3OGZjYjNlMWMxOGMxNDNjNCIsInVzZXJfaWQiOjF9.t3TsxU8uOlZp62MzMmK6OfQgo98-xdpehT7m5H-ZGDQ','2024-02-02 09:22:29.993565','2024-02-22 09:22:29.000000',1,'a434e0f59f0f40178fcb3e1c18c143c4'),(112,'eyJhbGciOiJIUzI1NiIsInR5cCI6IkpXVCJ9.eyJ0b2tlbl90eXBlIjoicmVmcmVzaCIsImV4cCI6MTcwODU5Mzc5MSwiaWF0IjoxNzA2ODY1NzkxLCJqdGkiOiI0NmUyOWU0ZWRiMDA0NWYwOTQ5N2QyNDhjMzdkNTc2YiIsInVzZXJfaWQiOjF9.iMW-82yS6iOMBVvH4XgVQ01BogXHSmmCYP4k1f_Kkwc','2024-02-02 09:23:11.505007','2024-02-22 09:23:11.000000',1,'46e29e4edb0045f09497d248c37d576b'),(113,'eyJhbGciOiJIUzI1NiIsInR5cCI6IkpXVCJ9.eyJ0b2tlbl90eXBlIjoicmVmcmVzaCIsImV4cCI6MTcwODU5NDA4NiwiaWF0IjoxNzA2ODY2MDg2LCJqdGkiOiJjZDY4NGNkYzczZTk0YTFhOGYxMmNmYWU5MDgyYjdmMCIsInVzZXJfaWQiOjF9.GPiqZVwsKB6nVkkOXWlQSSO81nA22YWBTNSu7X26Mso','2024-02-02 09:28:06.793037','2024-02-22 09:28:06.000000',1,'cd684cdc73e94a1a8f12cfae9082b7f0'),(114,'eyJhbGciOiJIUzI1NiIsInR5cCI6IkpXVCJ9.eyJ0b2tlbl90eXBlIjoicmVmcmVzaCIsImV4cCI6MTcwODU5NzA1NywiaWF0IjoxNzA2ODY5MDU3LCJqdGkiOiI2Y2I2OGUxMjA0NWQ0YzhmOWM1ZGQwZWRlMGFmNDYzYiIsInVzZXJfaWQiOjF9.6cj2VjKFnRk7p1xxuT9PV6358uoNxDEPvfGaak52XG0','2024-02-02 10:17:37.961703','2024-02-22 10:17:37.000000',1,'6cb68e12045d4c8f9c5dd0ede0af463b'),(115,'eyJhbGciOiJIUzI1NiIsInR5cCI6IkpXVCJ9.eyJ0b2tlbl90eXBlIjoicmVmcmVzaCIsImV4cCI6MTcwODU5NzU5OSwiaWF0IjoxNzA2ODY5NTk5LCJqdGkiOiI4ZGY3ZWQ3MDZlOTQ0YTBiYWMzNzYzZGY0MTM0NWE2ZCIsInVzZXJfaWQiOjF9.-_vVRGI9AWjl41Xjh7TJZGi071Mvm2FmDZrUQtnQdNU','2024-02-02 10:26:39.315442','2024-02-22 10:26:39.000000',1,'8df7ed706e944a0bac3763df41345a6d'),(116,'eyJhbGciOiJIUzI1NiIsInR5cCI6IkpXVCJ9.eyJ0b2tlbl90eXBlIjoicmVmcmVzaCIsImV4cCI6MTcwODU5ODc4OCwiaWF0IjoxNzA2ODcwNzg4LCJqdGkiOiI1YTcyZTFjZWM0NGM0M2E1YjY2ODU5MjA0NDkyODNiYyIsInVzZXJfaWQiOjF9.9WTPg75C6H64xjqkrREU2FsdAEKWJq5evevGO05c7tY','2024-02-02 10:46:28.140615','2024-02-22 10:46:28.000000',1,'5a72e1cec44c43a5b6685920449283bc'),(117,'eyJhbGciOiJIUzI1NiIsInR5cCI6IkpXVCJ9.eyJ0b2tlbl90eXBlIjoicmVmcmVzaCIsImV4cCI6MTcwODYwMDEyNiwiaWF0IjoxNzA2ODcyMTI2LCJqdGkiOiJjY2Q4YTkxYzc1NWM0NmQzOGU1YWM3MDJlZDkzZTFkNCIsInVzZXJfaWQiOjF9.U2VvniueFBXQ16RApna8OQ9rXgvVDQKxPDShsxIJoBM','2024-02-02 11:08:46.285042','2024-02-22 11:08:46.000000',1,'ccd8a91c755c46d38e5ac702ed93e1d4'),(118,'eyJhbGciOiJIUzI1NiIsInR5cCI6IkpXVCJ9.eyJ0b2tlbl90eXBlIjoicmVmcmVzaCIsImV4cCI6MTcwODYwOTIwNCwiaWF0IjoxNzA2ODgxMjA0LCJqdGkiOiJkM2Y3MzYwM2IyZDY0N2Y3YjljNjIxMTQyMzY5NDM4MCIsInVzZXJfaWQiOjF9.jlVzT2tG6BEcua4eALsB7l6kwdZWjFHiEiZM_TGswMI','2024-02-02 13:40:04.002400','2024-02-22 13:40:04.000000',1,'d3f73603b2d647f7b9c6211423694380'),(119,'eyJhbGciOiJIUzI1NiIsInR5cCI6IkpXVCJ9.eyJ0b2tlbl90eXBlIjoicmVmcmVzaCIsImV4cCI6MTcwODYwOTI0OCwiaWF0IjoxNzA2ODgxMjQ4LCJqdGkiOiJmNjM2Y2JhMWUyYTc0NGU1YmU0ZjI0MzlhNWFlZmZiNCIsInVzZXJfaWQiOjF9._et2zIZV4Sb-z3nN4Uy3zX0YhIujYfFGDJJ4SweO5wg','2024-02-02 13:40:48.182162','2024-02-22 13:40:48.000000',1,'f636cba1e2a744e5be4f2439a5aeffb4'),(120,'eyJhbGciOiJIUzI1NiIsInR5cCI6IkpXVCJ9.eyJ0b2tlbl90eXBlIjoicmVmcmVzaCIsImV4cCI6MTcwODYwOTI2OCwiaWF0IjoxNzA2ODgxMjY4LCJqdGkiOiJjMGZmMmM4N2M5Zjg0YjA1OTJlNGE0YzM4MTUwNmFjYiIsInVzZXJfaWQiOjF9.c-EbJz_Q4wr0M71L_l-a9n7mZnK91DwPduJZFQcafiQ','2024-02-02 13:41:08.480024','2024-02-22 13:41:08.000000',1,'c0ff2c87c9f84b0592e4a4c381506acb'),(121,'eyJhbGciOiJIUzI1NiIsInR5cCI6IkpXVCJ9.eyJ0b2tlbl90eXBlIjoicmVmcmVzaCIsImV4cCI6MTcwODYxMjU3OCwiaWF0IjoxNzA2ODg0NTc4LCJqdGkiOiIyN2ExMzhmYTdkZDQ0YWU0YTU3Y2RhMjg1YzZkODBkYSIsInVzZXJfaWQiOjF9.a849lHATy2nGL-SDhuQ4INLdwJpBfHiRvK2TCn1X9lk','2024-02-02 14:36:18.005163','2024-02-22 14:36:18.000000',1,'27a138fa7dd44ae4a57cda285c6d80da'),(122,'eyJhbGciOiJIUzI1NiIsInR5cCI6IkpXVCJ9.eyJ0b2tlbl90eXBlIjoicmVmcmVzaCIsImV4cCI6MTcwODYxNjA0MywiaWF0IjoxNzA2ODg4MDQzLCJqdGkiOiJhYjE2YjM1YWM1ZTA0MDQyYWI4MzE5NGMxMWYyZGUwMyIsInVzZXJfaWQiOjF9.Wqy08K20kifah-VCbKwMFuPZB2XQckNdU4vZsjjB1lk','2024-02-02 15:34:03.798957','2024-02-22 15:34:03.000000',1,'ab16b35ac5e04042ab83194c11f2de03'),(123,'eyJhbGciOiJIUzI1NiIsInR5cCI6IkpXVCJ9.eyJ0b2tlbl90eXBlIjoicmVmcmVzaCIsImV4cCI6MTcwODYxNjEwMywiaWF0IjoxNzA2ODg4MTAzLCJqdGkiOiI0Mzc5Y2NlNTBhZTk0MDhhOWQxZDg3ZmQ1ZmY1ZTk4OCIsInVzZXJfaWQiOjF9.BBIXPlAbfJ29MOmfvynj60KFX6KWrUVEZXNMiteJx3E','2024-02-02 15:35:03.333220','2024-02-22 15:35:03.000000',1,'4379cce50ae9408a9d1d87fd5ff5e988'),(124,'eyJhbGciOiJIUzI1NiIsInR5cCI6IkpXVCJ9.eyJ0b2tlbl90eXBlIjoicmVmcmVzaCIsImV4cCI6MTcwODYxNjU0MiwiaWF0IjoxNzA2ODg4NTQyLCJqdGkiOiI2Mzk0NDg0MzgwY2E0ODEzYWMzZTcwYjYyNzkxOTM2ZCIsInVzZXJfaWQiOjF9.z6zPriFhuQabJQKamOvINDf8TgGPaoBx-Fh15G3t_to','2024-02-02 15:42:22.140583','2024-02-22 15:42:22.000000',1,'6394484380ca4813ac3e70b62791936d'),(125,'eyJhbGciOiJIUzI1NiIsInR5cCI6IkpXVCJ9.eyJ0b2tlbl90eXBlIjoicmVmcmVzaCIsImV4cCI6MTcwODcxNDQzMiwiaWF0IjoxNzA2OTg2NDMyLCJqdGkiOiI3ZDM5ZTMwMTMyZTY0Njk5YmQzNzlhYjViYjMwZTY0ZCIsInVzZXJfaWQiOjF9.OxbYFLY0yCgBnwZQG0ks-ucZ9zCJMLCZyYRQPOyCTmA','2024-02-03 18:53:52.187892','2024-02-23 18:53:52.000000',1,'7d39e30132e64699bd379ab5bb30e64d'),(126,'eyJhbGciOiJIUzI1NiIsInR5cCI6IkpXVCJ9.eyJ0b2tlbl90eXBlIjoicmVmcmVzaCIsImV4cCI6MTcwODcxNjQ1MSwiaWF0IjoxNzA2OTg4NDUxLCJqdGkiOiI1M2ZmMTcxODNkZjE0YjBjYjgwMDAwYjhiYzE0NWMwZSIsInVzZXJfaWQiOjF9.xIlRsXHq3HTxo9hnDMpGudLBln3QMWU3H1DpsBL4T6I','2024-02-03 19:27:31.000038','2024-02-23 19:27:31.000000',1,'53ff17183df14b0cb80000b8bc145c0e'),(127,'eyJhbGciOiJIUzI1NiIsInR5cCI6IkpXVCJ9.eyJ0b2tlbl90eXBlIjoicmVmcmVzaCIsImV4cCI6MTcwODcxODQ4OSwiaWF0IjoxNzA2OTkwNDg5LCJqdGkiOiJkNGQ4Y2JjZmY0NmY0NDUzOGM2MjUwMjZmYWI3NmExNCIsInVzZXJfaWQiOjF9.r-M2YPxxA2YcZmbttPE73lDlM4K5SajHsD2LwpYZLhw','2024-02-03 20:01:29.885318','2024-02-23 20:01:29.000000',1,'d4d8cbcff46f44538c625026fab76a14'),(128,'eyJhbGciOiJIUzI1NiIsInR5cCI6IkpXVCJ9.eyJ0b2tlbl90eXBlIjoicmVmcmVzaCIsImV4cCI6MTcwODcyMTg0OSwiaWF0IjoxNzA2OTkzODQ5LCJqdGkiOiIzOTFjNWNkOWJiZjY0MTY2YjAyNzQ1ZGI1NTlhYjFjZCIsInVzZXJfaWQiOjF9.ecxm0fH_AqsQ-PblMtWDmNsnOvortgmEZTt9OvkkDb4','2024-02-03 20:57:29.597729','2024-02-23 20:57:29.000000',1,'391c5cd9bbf64166b02745db559ab1cd'),(129,'eyJhbGciOiJIUzI1NiIsInR5cCI6IkpXVCJ9.eyJ0b2tlbl90eXBlIjoicmVmcmVzaCIsImV4cCI6MTcwODc2NTYxNSwiaWF0IjoxNzA3MDM3NjE1LCJqdGkiOiI3OTdmMTUwMmNkMzI0ZWJkYjgxYTA4YTMxYjk4OGVjNSIsInVzZXJfaWQiOjF9.mayx6iyCcfjH8MuOj73OfTmNRWfze1dDaFyv8YzAbTY','2024-02-04 09:06:55.806640','2024-02-24 09:06:55.000000',1,'797f1502cd324ebdb81a08a31b988ec5'),(130,'eyJhbGciOiJIUzI1NiIsInR5cCI6IkpXVCJ9.eyJ0b2tlbl90eXBlIjoicmVmcmVzaCIsImV4cCI6MTcwODc2ODYyMSwiaWF0IjoxNzA3MDQwNjIxLCJqdGkiOiI3OWFhODQ1Zjk0Nzk0OTE5YjJjMjEyMDZlZmFmOWQzZiIsInVzZXJfaWQiOjF9.rG0G-DvBP2JuRsD3nOb-hbizStcn4BQazCDf18nacpk','2024-02-04 09:57:01.413820','2024-02-24 09:57:01.000000',1,'79aa845f94794919b2c21206efaf9d3f'),(131,'eyJhbGciOiJIUzI1NiIsInR5cCI6IkpXVCJ9.eyJ0b2tlbl90eXBlIjoicmVmcmVzaCIsImV4cCI6MTcwODc3MDUxOCwiaWF0IjoxNzA3MDQyNTE4LCJqdGkiOiI3ZDNmZDAxYmFlMjE0YWRlYTBhN2UxMmZjNjM1ZWE0NSIsInVzZXJfaWQiOjF9.4eYvSIlUxZ__PEmXogrnE22f4OrJHktoyC8CwukrZoE','2024-02-04 10:28:38.489777','2024-02-24 10:28:38.000000',1,'7d3fd01bae214adea0a7e12fc635ea45'),(132,'eyJhbGciOiJIUzI1NiIsInR5cCI6IkpXVCJ9.eyJ0b2tlbl90eXBlIjoicmVmcmVzaCIsImV4cCI6MTcwODc3MTc5MSwiaWF0IjoxNzA3MDQzNzkxLCJqdGkiOiJlNTkyNzc1YTRhM2I0M2QzOWMwYzZkYzUyNWU4NDQ5MSIsInVzZXJfaWQiOjF9.YgahoflctGQeJV8XWbmqLBmzoY3toYnJ85UauUhT06s','2024-02-04 10:49:51.696338','2024-02-24 10:49:51.000000',1,'e592775a4a3b43d39c0c6dc525e84491'),(133,'eyJhbGciOiJIUzI1NiIsInR5cCI6IkpXVCJ9.eyJ0b2tlbl90eXBlIjoicmVmcmVzaCIsImV4cCI6MTcwODc3NDg3OCwiaWF0IjoxNzA3MDQ2ODc4LCJqdGkiOiIxYjYwNWIyNjhmZGQ0YTBmODA5YWJlNDcxODM2YjkwOSIsInVzZXJfaWQiOjF9.EhxJY5yJ5A2Xl-kspOGN-0C1EZrf8bo5I7wyr-8dGS4','2024-02-04 11:41:18.310505','2024-02-24 11:41:18.000000',1,'1b605b268fdd4a0f809abe471836b909'),(134,'eyJhbGciOiJIUzI1NiIsInR5cCI6IkpXVCJ9.eyJ0b2tlbl90eXBlIjoicmVmcmVzaCIsImV4cCI6MTcwODc3NDkzMCwiaWF0IjoxNzA3MDQ2OTMwLCJqdGkiOiIxNTBhY2VhYTRhOWE0ODc0OTRhNWE2MjMwNTkxY2FjYiIsInVzZXJfaWQiOjF9.QF8yof77kGVKiYsvEERNVVy4dLOVrFCgGcWTz1fVnz0','2024-02-04 11:42:10.640452','2024-02-24 11:42:10.000000',1,'150aceaa4a9a487494a5a6230591cacb'),(135,'eyJhbGciOiJIUzI1NiIsInR5cCI6IkpXVCJ9.eyJ0b2tlbl90eXBlIjoicmVmcmVzaCIsImV4cCI6MTcwODc3Njc0MiwiaWF0IjoxNzA3MDQ4NzQyLCJqdGkiOiJjMTUyOTJkYjJhZjE0NTkxYjdhZmQzZGMwY2M0ZThmYSIsInVzZXJfaWQiOjF9.luoFCBIjLmVW68SfV_cS6aZ5tjo9X2QzPjCAxXEVBDo','2024-02-04 12:12:22.150715','2024-02-24 12:12:22.000000',1,'c15292db2af14591b7afd3dc0cc4e8fa'),(136,'eyJhbGciOiJIUzI1NiIsInR5cCI6IkpXVCJ9.eyJ0b2tlbl90eXBlIjoicmVmcmVzaCIsImV4cCI6MTcwODc3NjgyOSwiaWF0IjoxNzA3MDQ4ODI5LCJqdGkiOiJiMTQ1Y2Q0NGVhM2M0ZmU2OTgzMzUxNzhmNjU0OTM4ZSIsInVzZXJfaWQiOjF9.9qkCOemTvgil055rGEN22ROAkNXbwEp8IVqDVw0Jd4Q','2024-02-04 12:13:49.691890','2024-02-24 12:13:49.000000',1,'b145cd44ea3c4fe698335178f654938e'),(137,'eyJhbGciOiJIUzI1NiIsInR5cCI6IkpXVCJ9.eyJ0b2tlbl90eXBlIjoicmVmcmVzaCIsImV4cCI6MTcwODc5NDA3OCwiaWF0IjoxNzA3MDY2MDc4LCJqdGkiOiI4MTdjM2U2NWY5MzA0YzIxYWIyOTVkNzQyYmE0NDQ4ZiIsInVzZXJfaWQiOjF9._VDdfU8RRaFSbTNlvewEQMNiLJpgBNokpE6SpuL8LEc','2024-02-04 17:01:18.490274','2024-02-24 17:01:18.000000',1,'817c3e65f9304c21ab295d742ba4448f'),(138,'eyJhbGciOiJIUzI1NiIsInR5cCI6IkpXVCJ9.eyJ0b2tlbl90eXBlIjoicmVmcmVzaCIsImV4cCI6MTcwODc5NzIzNCwiaWF0IjoxNzA3MDY5MjM0LCJqdGkiOiI5NTE2OTliMmRlZTg0ZjVhYmVkOGRjODE4OWU2ZTM3ZCIsInVzZXJfaWQiOjF9.gkJcT5UY0w_6lFQFmTr-0l_cTXtK4bysAEtPrAbs9pc','2024-02-04 17:53:54.975118','2024-02-24 17:53:54.000000',1,'951699b2dee84f5abed8dc8189e6e37d'),(139,'eyJhbGciOiJIUzI1NiIsInR5cCI6IkpXVCJ9.eyJ0b2tlbl90eXBlIjoicmVmcmVzaCIsImV4cCI6MTcwODg1MjAwOSwiaWF0IjoxNzA3MTI0MDA5LCJqdGkiOiI5NzBmMmJiZDI0MWE0NWFmYmNlNDI1Mzg0M2JlMWMxYiIsInVzZXJfaWQiOjF9.qETLJa0DGogwifTRmti7qX2NUgHwY6M7hrsvHNQzR58','2024-02-05 09:06:49.859974','2024-02-25 09:06:49.000000',1,'970f2bbd241a45afbce4253843be1c1b'),(140,'eyJhbGciOiJIUzI1NiIsInR5cCI6IkpXVCJ9.eyJ0b2tlbl90eXBlIjoicmVmcmVzaCIsImV4cCI6MTcwODg1NTAzNiwiaWF0IjoxNzA3MTI3MDM2LCJqdGkiOiI3MWE1MDQ0YTY4MjQ0ZjlhOTgzMjU4YjY4NDViY2I4MSIsInVzZXJfaWQiOjF9.LVUNwA89HNEsD8ETmXxKOx2wSzCM7G-NbdCIqbKLSL8','2024-02-05 09:57:16.655511','2024-02-25 09:57:16.000000',1,'71a5044a68244f9a983258b6845bcb81'),(141,'eyJhbGciOiJIUzI1NiIsInR5cCI6IkpXVCJ9.eyJ0b2tlbl90eXBlIjoicmVmcmVzaCIsImV4cCI6MTcwODg1ODA0MSwiaWF0IjoxNzA3MTMwMDQxLCJqdGkiOiJmNTQ3YWUwNmZkYmI0NWI5YTllNmQzMDE0MDE1OGI0YiIsInVzZXJfaWQiOjF9.N5Q7_Wz6kCZNg79-MhAOb-zcjOkI5x-EFwOmTm8yznM','2024-02-05 10:47:21.353654','2024-02-25 10:47:21.000000',1,'f547ae06fdbb45b9a9e6d30140158b4b'),(142,'eyJhbGciOiJIUzI1NiIsInR5cCI6IkpXVCJ9.eyJ0b2tlbl90eXBlIjoicmVmcmVzaCIsImV4cCI6MTcwODg5MjQ5MywiaWF0IjoxNzA3MTY0NDkzLCJqdGkiOiJlMmRiZWQ4MGIyMjI0MTExYjE1NDhjNzg1OGU4ZjIxYyIsInVzZXJfaWQiOjF9.k8Sde1HLv1OZUySXiiybbid9unbTq7bj8o5tcH89_nY','2024-02-05 20:21:33.319903','2024-02-25 20:21:33.000000',1,'e2dbed80b2224111b1548c7858e8f21c'),(143,'eyJhbGciOiJIUzI1NiIsInR5cCI6IkpXVCJ9.eyJ0b2tlbl90eXBlIjoicmVmcmVzaCIsImV4cCI6MTcwODk2NTIzMCwiaWF0IjoxNzA3MjM3MjMwLCJqdGkiOiJkZWExYmIzNWQ2OGU0M2NjYTI5MDFjMzY4ZjRhOWI1ZSIsInVzZXJfaWQiOjF9.lxnbod-gfIfefBGzBk14B10rTqxC1yfCt_0txUk6tAY','2024-02-06 16:33:50.481593','2024-02-26 16:33:50.000000',1,'dea1bb35d68e43cca2901c368f4a9b5e'),(144,'eyJhbGciOiJIUzI1NiIsInR5cCI6IkpXVCJ9.eyJ0b2tlbl90eXBlIjoicmVmcmVzaCIsImV4cCI6MTcwODk2NTc0NSwiaWF0IjoxNzA3MjM3NzQ1LCJqdGkiOiJjMjdhMWFlYWM2MmQ0OGFiOTM5OGVjNmY2ZGQxYjM5ZSIsInVzZXJfaWQiOjF9.zREo_UfG-PINdstpdhK-q2DQ1xhe0HHm8Z7qZKETHcE','2024-02-06 16:42:25.161992','2024-02-26 16:42:25.000000',1,'c27a1aeac62d48ab9398ec6f6dd1b39e'),(145,'eyJhbGciOiJIUzI1NiIsInR5cCI6IkpXVCJ9.eyJ0b2tlbl90eXBlIjoicmVmcmVzaCIsImV4cCI6MTcwOTAyODM5NywiaWF0IjoxNzA3MzAwMzk3LCJqdGkiOiI3NDlkOGFjYWUxZjY0ZmIwODdlYTUyYTljMjYwYzRmNiIsInVzZXJfaWQiOjF9.CygB_NLdwap2Mr6vP1CcAQZb7SwtXB3sIHAPKN8ZlTk','2024-02-07 10:06:37.729062','2024-02-27 10:06:37.000000',1,'749d8acae1f64fb087ea52a9c260c4f6'),(146,'eyJhbGciOiJIUzI1NiIsInR5cCI6IkpXVCJ9.eyJ0b2tlbl90eXBlIjoicmVmcmVzaCIsImV4cCI6MTcwOTAzMTUwMywiaWF0IjoxNzA3MzAzNTAzLCJqdGkiOiI3OWUyM2JlZDNkZjc0OGM0OTk1YTY5MGNhMDljODBhYSIsInVzZXJfaWQiOjF9.i0_ish71LxIXvKR8wvZj95xIAFzIB4uDx7gLFsqw7l8','2024-02-07 10:58:23.649662','2024-02-27 10:58:23.000000',1,'79e23bed3df748c4995a690ca09c80aa'),(147,'eyJhbGciOiJIUzI1NiIsInR5cCI6IkpXVCJ9.eyJ0b2tlbl90eXBlIjoicmVmcmVzaCIsImV4cCI6MTcwOTAzMjY3OSwiaWF0IjoxNzA3MzA0Njc5LCJqdGkiOiI0YzA4ZmY1MzBjNWM0ZGUxYjZlNjVlYjQyNDQyZTBmNSIsInVzZXJfaWQiOjF9.u58JSTxKSlir_u0odHsGvPcEivd5QRnAFRwX4KoclxE','2024-02-07 11:17:59.698440','2024-02-27 11:17:59.000000',1,'4c08ff530c5c4de1b6e65eb42442e0f5'),(148,'eyJhbGciOiJIUzI1NiIsInR5cCI6IkpXVCJ9.eyJ0b2tlbl90eXBlIjoicmVmcmVzaCIsImV4cCI6MTcwOTMzNzQ0MiwiaWF0IjoxNzA3NjA5NDQyLCJqdGkiOiJlZWIxY2UwYjA5ZTU0NTU4OGZmMTY5Mjg5N2ZlMTVjYyIsInVzZXJfaWQiOjF9.ndxo5qrorYUY8SqqHQ8cnRRN8s1BPlocFW0I3Xb1L5Y','2024-02-10 23:57:22.052516','2024-03-01 23:57:22.000000',1,'eeb1ce0b09e545588ff1692897fe15cc'),(149,'eyJhbGciOiJIUzI1NiIsInR5cCI6IkpXVCJ9.eyJ0b2tlbl90eXBlIjoicmVmcmVzaCIsImV4cCI6MTcwOTM3NzU5MiwiaWF0IjoxNzA3NjQ5NTkyLCJqdGkiOiIyOTkzYmIzNWYxODU0YjM0OWZjYWNiNjlkZjIzMTY3NiIsInVzZXJfaWQiOjF9.9w4h2_EeLFLdrgtycczVH34KhQruLcPctC9EpilUPow','2024-02-11 11:06:32.659265','2024-03-02 11:06:32.000000',1,'2993bb35f1854b349fcacb69df231676'),(150,'eyJhbGciOiJIUzI1NiIsInR5cCI6IkpXVCJ9.eyJ0b2tlbl90eXBlIjoicmVmcmVzaCIsImV4cCI6MTcwOTM3ODQ4MiwiaWF0IjoxNzA3NjUwNDgyLCJqdGkiOiJjYzRlMDc1MTg3Nzg0MDkxOGJkYTlmZTM3ZmViMjEzNiIsInVzZXJfaWQiOjF9.KhPKzOs0lbw8fDB2dwTsBuL6rDtvBiatnuci4jpt_Z0','2024-02-11 11:21:22.290818','2024-03-02 11:21:22.000000',1,'cc4e0751877840918bda9fe37feb2136'),(151,'eyJhbGciOiJIUzI1NiIsInR5cCI6IkpXVCJ9.eyJ0b2tlbl90eXBlIjoicmVmcmVzaCIsImV4cCI6MTcwOTM4MDY0NSwiaWF0IjoxNzA3NjUyNjQ1LCJqdGkiOiI2NzY3NGE5ZGRjYWE0OGU2YTdlOTcyNDVlZjk5NTMzMCIsInVzZXJfaWQiOjF9.ORpVk0hPL7NHi7TNj3cJq5F9djIMe-Tszqdsje3plNs','2024-02-11 11:57:25.720045','2024-03-02 11:57:25.000000',1,'67674a9ddcaa48e6a7e97245ef995330'),(152,'eyJhbGciOiJIUzI1NiIsInR5cCI6IkpXVCJ9.eyJ0b2tlbl90eXBlIjoicmVmcmVzaCIsImV4cCI6MTcwOTM4NDY5NSwiaWF0IjoxNzA3NjU2Njk1LCJqdGkiOiI1ODViYzI0YThlMjU0OWRjYmZhNDgxMmEwZWRlNTA5OSIsInVzZXJfaWQiOjF9.xUTKLNpjPCsgG4R10b2GV2jEXAofpzo010uz-DaWDQo','2024-02-11 13:04:55.849564','2024-03-02 13:04:55.000000',1,'585bc24a8e2549dcbfa4812a0ede5099'),(153,'eyJhbGciOiJIUzI1NiIsInR5cCI6IkpXVCJ9.eyJ0b2tlbl90eXBlIjoicmVmcmVzaCIsImV4cCI6MTcwOTUxMDIzOCwiaWF0IjoxNzA3NzgyMjM4LCJqdGkiOiJmOTEyMzVmZGUxYjc0ZDA1YWZjZmU3NjhmNTIxZTkyNyIsInVzZXJfaWQiOjF9.kwWe0equdubOH-a_YRUvYaj1zn5eL7hF1V2WYrmKbO0','2024-02-12 23:57:18.239565','2024-03-03 23:57:18.000000',1,'f91235fde1b74d05afcfe768f521e927'),(154,'eyJhbGciOiJIUzI1NiIsInR5cCI6IkpXVCJ9.eyJ0b2tlbl90eXBlIjoicmVmcmVzaCIsImV4cCI6MTcwOTUxMDg0NCwiaWF0IjoxNzA3NzgyODQ0LCJqdGkiOiI5MmNiZTM0MzQ0Mzg0NjM5YWE1YTQzNjRkZjRkM2FkMiIsInVzZXJfaWQiOjF9.Av8WgCQaDLyySRiEcoFmoLvZBw4Ywnjzgrb4sH_n1d8','2024-02-13 00:07:24.745044','2024-03-04 00:07:24.000000',1,'92cbe34344384639aa5a4364df4d3ad2'),(155,'eyJhbGciOiJIUzI1NiIsInR5cCI6IkpXVCJ9.eyJ0b2tlbl90eXBlIjoicmVmcmVzaCIsImV4cCI6MTcwOTUxMTAwNSwiaWF0IjoxNzA3NzgzMDA1LCJqdGkiOiJlMjNiYzYzNTM3Nzg0Y2JlYmQzZWY2Zjc0ZGU5YmMxMiIsInVzZXJfaWQiOjF9.iOPgC-2LuPpBOz2QtC6EQh9eaxlxMvt_M7yYZ2_TFf0','2024-02-13 00:10:05.556018','2024-03-04 00:10:05.000000',1,'e23bc63537784cbebd3ef6f74de9bc12'),(156,'eyJhbGciOiJIUzI1NiIsInR5cCI6IkpXVCJ9.eyJ0b2tlbl90eXBlIjoicmVmcmVzaCIsImV4cCI6MTcwOTYwMTYxOSwiaWF0IjoxNzA3ODczNjE5LCJqdGkiOiJjYjk4MzBjZGViNGE0NGNiOWFlNTJlNDNiMDMxNjk1YyIsInVzZXJfaWQiOjF9.83HBv_zl_fTaFvd4hUc7pWHoK66Vdd9hl4_c5ZpPFq8','2024-02-14 01:20:19.323041','2024-03-05 01:20:19.000000',1,'cb9830cdeb4a44cb9ae52e43b031695c'),(157,'eyJhbGciOiJIUzI1NiIsInR5cCI6IkpXVCJ9.eyJ0b2tlbl90eXBlIjoicmVmcmVzaCIsImV4cCI6MTcwOTY2MDM1MCwiaWF0IjoxNzA3OTMyMzUwLCJqdGkiOiI0MmNlMWZiYmM4ODk0Nzg5OTM5OWFkNDE4NDFiODVkZSIsInVzZXJfaWQiOjF9.3LWkyswSlYsXT-3Z7fIEcr9vU4bsNYnVfbOhVbtVP38','2024-02-14 17:39:10.293372','2024-03-05 17:39:10.000000',1,'42ce1fbbc88947899399ad41841b85de'),(158,'eyJhbGciOiJIUzI1NiIsInR5cCI6IkpXVCJ9.eyJ0b2tlbl90eXBlIjoicmVmcmVzaCIsImV4cCI6MTcwOTY2NDE4MiwiaWF0IjoxNzA3OTM2MTgyLCJqdGkiOiI2N2Q3YzRkNGY5MTM0MjZiYWZkYTQ1YzVmMDU0MjBhMSIsInVzZXJfaWQiOjF9.nFFtwYV7E2gTQHyPTTcPT3oWAkDdDq3bZxvDCt71axA','2024-02-14 18:43:02.660030','2024-03-05 18:43:02.000000',1,'67d7c4d4f913426bafda45c5f05420a1'),(159,'eyJhbGciOiJIUzI1NiIsInR5cCI6IkpXVCJ9.eyJ0b2tlbl90eXBlIjoicmVmcmVzaCIsImV4cCI6MTcwOTY2NjE4MCwiaWF0IjoxNzA3OTM4MTgwLCJqdGkiOiJmZGI5OGU1OGYyZTc0MjI5YTc2NTg0N2I5N2VjYWQ3ZiIsInVzZXJfaWQiOjF9.dCs0LLrcVGQNLP89gxhT5mp_o5ZXrUh4NcBWtI9ycWY','2024-02-14 19:16:20.557673','2024-03-05 19:16:20.000000',1,'fdb98e58f2e74229a765847b97ecad7f'),(160,'eyJhbGciOiJIUzI1NiIsInR5cCI6IkpXVCJ9.eyJ0b2tlbl90eXBlIjoicmVmcmVzaCIsImV4cCI6MTcwOTY2NjM2MCwiaWF0IjoxNzA3OTM4MzYwLCJqdGkiOiI2MzUzZmI1YTRiMWM0ZDI3YWFhY2FiM2IwZjE1ODlkYSIsInVzZXJfaWQiOjF9.78YcBQJQHQF5FnnSITXj9MfJEfwHkM6gGa3oZffwyoI','2024-02-14 19:19:20.859030','2024-03-05 19:19:20.000000',1,'6353fb5a4b1c4d27aaacab3b0f1589da'),(161,'eyJhbGciOiJIUzI1NiIsInR5cCI6IkpXVCJ9.eyJ0b2tlbl90eXBlIjoicmVmcmVzaCIsImV4cCI6MTcwOTk0ODk3OCwiaWF0IjoxNzA4MjIwOTc4LCJqdGkiOiI0M2FmYjc4NWRiZGM0NjJkOTMxZWZlZGVlYjMyZmMyYyIsInVzZXJfaWQiOjF9.r9T9x-OVuVgTxymOP_ESMz50idkLZIeYi7V-Z-t40_g','2024-02-18 01:49:38.899471','2024-03-09 01:49:38.000000',1,'43afb785dbdc462d931efedeeb32fc2c'),(162,'eyJhbGciOiJIUzI1NiIsInR5cCI6IkpXVCJ9.eyJ0b2tlbl90eXBlIjoicmVmcmVzaCIsImV4cCI6MTcxMDA4ODg1MiwiaWF0IjoxNzA4MzYwODUyLCJqdGkiOiI5NjNlYjVjMDk1Nzg0YWZhOWQzYWI3OGMzZTY3MjM4MiIsInVzZXJfaWQiOjF9.-69B969PgQw3j-mhGIon6X-1F4eiwUXl0Uo645laBWc','2024-02-19 16:40:52.967785','2024-03-10 16:40:52.000000',1,'963eb5c095784afa9d3ab78c3e672382'),(163,'eyJhbGciOiJIUzI1NiIsInR5cCI6IkpXVCJ9.eyJ0b2tlbl90eXBlIjoicmVmcmVzaCIsImV4cCI6MTcxMDA4ODk4NywiaWF0IjoxNzA4MzYwOTg3LCJqdGkiOiI2Y2I4YmE2NWI5Y2Q0ZDU3ODQ0NmJmODFjYTgzNTgzMiIsInVzZXJfaWQiOjF9.gcrP6acHUnJMaCQXaQSjXP9vYHn5DaLyJ0TGMsMdOO0','2024-02-19 16:43:07.583774','2024-03-10 16:43:07.000000',1,'6cb8ba65b9cd4d578446bf81ca835832'),(164,'eyJhbGciOiJIUzI1NiIsInR5cCI6IkpXVCJ9.eyJ0b2tlbl90eXBlIjoicmVmcmVzaCIsImV4cCI6MTcxMDEwMDI1OSwiaWF0IjoxNzA4MzcyMjU5LCJqdGkiOiJjOWYxY2JmNWVmNzA0YzdjYjViNzA0ZTA5ZmI4MTFhMyIsInVzZXJfaWQiOjF9.sB_nikmOFSnPfkADrDWYwq1Z7WQr6Lawrehhc5x0Prc','2024-02-19 19:50:59.542659','2024-03-10 19:50:59.000000',1,'c9f1cbf5ef704c7cb5b704e09fb811a3'),(165,'eyJhbGciOiJIUzI1NiIsInR5cCI6IkpXVCJ9.eyJ0b2tlbl90eXBlIjoicmVmcmVzaCIsImV4cCI6MTcxMDEwMDMzNywiaWF0IjoxNzA4MzcyMzM3LCJqdGkiOiJiNTMxMWI2M2FiYWI0ZTk2YjEzNzBlZjA5MDI2OGZhNCIsInVzZXJfaWQiOjF9.5CjOaW8o_1aQFP_uyQvEYedUo4buIzx_tptMJokmpvs','2024-02-19 19:52:17.554515','2024-03-10 19:52:17.000000',1,'b5311b63abab4e96b1370ef090268fa4'),(166,'eyJhbGciOiJIUzI1NiIsInR5cCI6IkpXVCJ9.eyJ0b2tlbl90eXBlIjoicmVmcmVzaCIsImV4cCI6MTcxMDE2MTk1NywiaWF0IjoxNzA4NDMzOTU3LCJqdGkiOiJkOWUwNDZiNmYzMGM0MThmOGE1MjAzNWIyM2M5OTA3MSIsInVzZXJfaWQiOjF9.0NXt17sWW5WPL4K5pSh4NuAvaTmoId-sucBijJqJ7mc','2024-02-20 12:59:17.081986','2024-03-11 12:59:17.000000',1,'d9e046b6f30c418f8a52035b23c99071'),(167,'eyJhbGciOiJIUzI1NiIsInR5cCI6IkpXVCJ9.eyJ0b2tlbl90eXBlIjoicmVmcmVzaCIsImV4cCI6MTcxMDE2NjI3NiwiaWF0IjoxNzA4NDM4Mjc2LCJqdGkiOiI4YmZkNzcxYTAxMTM0NWRkOWMwZjgyZWQwMzQ2MjUyYiIsInVzZXJfaWQiOjF9.zAnT3-JqdUA4iSLDTW3z94rhF1iHoruwufJJ6dRIuk4','2024-02-20 14:11:16.442258','2024-03-11 14:11:16.000000',1,'8bfd771a011345dd9c0f82ed0346252b'),(168,'eyJhbGciOiJIUzI1NiIsInR5cCI6IkpXVCJ9.eyJ0b2tlbl90eXBlIjoicmVmcmVzaCIsImV4cCI6MTcxMDE2NzUyMiwiaWF0IjoxNzA4NDM5NTIyLCJqdGkiOiJkNWI0ODRjZWY0OTk0NTk4YjdmM2YwZDU3YWIxY2JkYiIsInVzZXJfaWQiOjF9.cRq0Q93vgciEIXICA-X8BGna4n8GTNTsC8SCYucb7Ks','2024-02-20 14:32:02.431497','2024-03-11 14:32:02.000000',1,'d5b484cef4994598b7f3f0d57ab1cbdb'),(169,'eyJhbGciOiJIUzI1NiIsInR5cCI6IkpXVCJ9.eyJ0b2tlbl90eXBlIjoicmVmcmVzaCIsImV4cCI6MTcxMDQ2OTY4NSwiaWF0IjoxNzA4NzQxNjg1LCJqdGkiOiIzNzE0M2E2MmE5Mzc0ZTZiOTkwZmM5MjNlNTc4YmIyZSIsInVzZXJfaWQiOjF9.Id8rXZoCYOb2NmaZweCrNAXumDSmB7-Yjawm2noC9qQ','2024-02-24 02:28:05.603817','2024-03-15 02:28:05.000000',1,'37143a62a9374e6b990fc923e578bb2e'),(170,'eyJhbGciOiJIUzI1NiIsInR5cCI6IkpXVCJ9.eyJ0b2tlbl90eXBlIjoicmVmcmVzaCIsImV4cCI6MTcxMDQ3Mjk3MiwiaWF0IjoxNzA4NzQ0OTcyLCJqdGkiOiIyNjhiYTdjY2E5NDI0N2I3OTM5MTAyMmY2ZGM3M2U1NiIsInVzZXJfaWQiOjF9.0-2ydCmGwWxrEdGgEGAnvusI0aTZOlve-cXFmbyICBA','2024-02-24 03:22:52.499818','2024-03-15 03:22:52.000000',1,'268ba7cca94247b79391022f6dc73e56'),(171,'eyJhbGciOiJIUzI1NiIsInR5cCI6IkpXVCJ9.eyJ0b2tlbl90eXBlIjoicmVmcmVzaCIsImV4cCI6MTcxMDU1MTMxNSwiaWF0IjoxNzA4ODIzMzE1LCJqdGkiOiIwZjc0YmNiY2Y2OWQ0MzVhODExNDkwNDJjMGVmNGQxZiIsInVzZXJfaWQiOjF9.cGJu2cHIJ_lzPHZxNGq7oFMwvKegAfe_NPeq82-AGVw','2024-02-25 01:08:35.235509','2024-03-16 01:08:35.000000',1,'0f74bcbcf69d435a81149042c0ef4d1f'),(172,'eyJhbGciOiJIUzI1NiIsInR5cCI6IkpXVCJ9.eyJ0b2tlbl90eXBlIjoicmVmcmVzaCIsImV4cCI6MTcxMTA3MTYwNCwiaWF0IjoxNzA5MzQzNjA0LCJqdGkiOiI0NWE0MWM0NjBlMTE0MWFhYTc0ZDJkNmE5MDA0ZTVmOSIsInVzZXJfaWQiOjF9.xeEyKlBn3_wC2j_UQkmGU-N_oV0QUyR6D4JOu6NebmY','2024-03-02 01:40:04.082266','2024-03-22 01:40:04.000000',1,'45a41c460e1141aaa74d2d6a9004e5f9'),(173,'eyJhbGciOiJIUzI1NiIsInR5cCI6IkpXVCJ9.eyJ0b2tlbl90eXBlIjoicmVmcmVzaCIsImV4cCI6MTcxMTA3MTY1MywiaWF0IjoxNzA5MzQzNjUzLCJqdGkiOiI3Yjc0YzM3YmNiNzI0ZGM3YTY2ODQyMTA0ZWMwMzJmYSIsInVzZXJfaWQiOjF9.40x0FJUfuyxaN1b1NV8VHqLkFkbmgwaeB-26Q9MPFkY','2024-03-02 01:40:53.034930','2024-03-22 01:40:53.000000',1,'7b74c37bcb724dc7a66842104ec032fa'),(174,'eyJhbGciOiJIUzI1NiIsInR5cCI6IkpXVCJ9.eyJ0b2tlbl90eXBlIjoicmVmcmVzaCIsImV4cCI6MTcxMTA3MTY5NywiaWF0IjoxNzA5MzQzNjk3LCJqdGkiOiIxY2MwNzViMjVlNDU0ZWIwYmNhNDc0NWRhYjcyYTgzNSIsInVzZXJfaWQiOjF9.HqpEl8mKMzBhBK9yvIGFR82cwLX5Vu19lR7iY63MNRQ','2024-03-02 01:41:37.301910','2024-03-22 01:41:37.000000',1,'1cc075b25e454eb0bca4745dab72a835'),(175,'eyJhbGciOiJIUzI1NiIsInR5cCI6IkpXVCJ9.eyJ0b2tlbl90eXBlIjoicmVmcmVzaCIsImV4cCI6MTcxMTExNDY5MywiaWF0IjoxNzA5Mzg2NjkzLCJqdGkiOiI5ZTg0ZDA3ODc2MTY0ZTUxYjJlNTc3M2RjOTJmMWRkYSIsInVzZXJfaWQiOjF9.GmR5xup1B-qqHgb7YaZw0P1HEaBBK4DoooMpT64CSN4','2024-03-02 13:38:13.697137','2024-03-22 13:38:13.000000',1,'9e84d07876164e51b2e5773dc92f1dda'),(176,'eyJhbGciOiJIUzI1NiIsInR5cCI6IkpXVCJ9.eyJ0b2tlbl90eXBlIjoicmVmcmVzaCIsImV4cCI6MTcxMTExNDcwMywiaWF0IjoxNzA5Mzg2NzAzLCJqdGkiOiIyYWU0MjVmNjNhNjg0MzU1OGE2NGQ5OTJiMjY2NGM2MCIsInVzZXJfaWQiOjF9.rDXW-o3GRxfL2UBKzuLhHX1_62W5BFOvKI4Lh6uGh68','2024-03-02 13:38:23.981283','2024-03-22 13:38:23.000000',1,'2ae425f63a6843558a64d992b2664c60'),(177,'eyJhbGciOiJIUzI1NiIsInR5cCI6IkpXVCJ9.eyJ0b2tlbl90eXBlIjoicmVmcmVzaCIsImV4cCI6MTcxMTEyMzIwMiwiaWF0IjoxNzA5Mzk1MjAyLCJqdGkiOiI3OTIxMTc5YzA2YWY0NGMyOWY5YmFkM2I3ODIyYjBhNyIsInVzZXJfaWQiOjF9.kce-Wr-i9LK0-mkU_awLBYDaKFBq_weCgFlbrGbSge0','2024-03-02 16:00:02.318839','2024-03-22 16:00:02.000000',1,'7921179c06af44c29f9bad3b7822b0a7'),(178,'eyJhbGciOiJIUzI1NiIsInR5cCI6IkpXVCJ9.eyJ0b2tlbl90eXBlIjoicmVmcmVzaCIsImV4cCI6MTcxMTEyNjEzMiwiaWF0IjoxNzA5Mzk4MTMyLCJqdGkiOiI4ODU1ZTg5ZmI5ZDY0ZGFmYjM4MzAzMzhkMzkxZWQxYSIsInVzZXJfaWQiOjF9.23STus4MQB1Ui1gGkEUkp92-fwWBlHQgL7GQHoNWk7s','2024-03-02 16:48:52.004643','2024-03-22 16:48:52.000000',1,'8855e89fb9d64dafb3830338d391ed1a'),(179,'eyJhbGciOiJIUzI1NiIsInR5cCI6IkpXVCJ9.eyJ0b2tlbl90eXBlIjoicmVmcmVzaCIsImV4cCI6MTcxMTEyNjE1NiwiaWF0IjoxNzA5Mzk4MTU2LCJqdGkiOiJmZmYzZGViMjU2MmU0OTBlOGVkMDUyMjNmOGUxYWI4NiIsInVzZXJfaWQiOjF9.sRRHohq_iOOrcs1YwgBE2Ba3_QAlJ4T7qslKxKExQvI','2024-03-02 16:49:16.924329','2024-03-22 16:49:16.000000',1,'fff3deb2562e490e8ed05223f8e1ab86'),(180,'eyJhbGciOiJIUzI1NiIsInR5cCI6IkpXVCJ9.eyJ0b2tlbl90eXBlIjoicmVmcmVzaCIsImV4cCI6MTcxMTczMDc3NSwiaWF0IjoxNzEwMDAyNzc1LCJqdGkiOiIyYTI1YjdiY2ZkMDI0YmM2ODNjYmQ1NWI1Y2ZmOGU2MiIsInVzZXJfaWQiOjF9.MuDcKlMKnfS7Hs475WjwoELGFRbhgEJh0LMrzo_vsRI','2024-03-09 16:46:15.704040','2024-03-29 16:46:15.000000',1,'2a25b7bcfd024bc683cbd55b5cff8e62'),(181,'eyJhbGciOiJIUzI1NiIsInR5cCI6IkpXVCJ9.eyJ0b2tlbl90eXBlIjoicmVmcmVzaCIsImV4cCI6MTcxMTc0MDYxNCwiaWF0IjoxNzEwMDEyNjE0LCJqdGkiOiJiYzU5YTY0MzQ1YmE0ZGY2YWY3OTZiOGNjY2Q2YmEwZiIsInVzZXJfaWQiOjF9.OmhPM3dKUluaJrMXlaFgijDermhxg4MChTvX6vvc9MM','2024-03-09 19:30:14.663003','2024-03-29 19:30:14.000000',1,'bc59a64345ba4df6af796b8cccd6ba0f'),(182,'eyJhbGciOiJIUzI1NiIsInR5cCI6IkpXVCJ9.eyJ0b2tlbl90eXBlIjoicmVmcmVzaCIsImV4cCI6MTcxMTc0NDI0NiwiaWF0IjoxNzEwMDE2MjQ2LCJqdGkiOiJlMjA2MjdmZWU0N2U0MGFmOTRlZWFmZjA0MzU3OGEzNyIsInVzZXJfaWQiOjF9.Ath64gtkBCzZm7dGAUZSVButKLTwdk3zHMqAI2kMTm4','2024-03-09 20:30:46.809573','2024-03-29 20:30:46.000000',1,'e20627fee47e40af94eeaff043578a37'),(183,'eyJhbGciOiJIUzI1NiIsInR5cCI6IkpXVCJ9.eyJ0b2tlbl90eXBlIjoicmVmcmVzaCIsImV4cCI6MTcxMTc0Nzc2MCwiaWF0IjoxNzEwMDE5NzYwLCJqdGkiOiJmNGMxMDU0NzA3ZDA0NDE0YTRjZTVlYTEzZjFlYTE3OSIsInVzZXJfaWQiOjF9.fWatp53ZAPCpFNt_J6MUQatwnou0-QSfeaNSRALy7JM','2024-03-09 21:29:20.561466','2024-03-29 21:29:20.000000',1,'f4c1054707d04414a4ce5ea13f1ea179');
/*!40000 ALTER TABLE `token_blacklist_outstandingtoken` ENABLE KEYS */;
UNLOCK TABLES;

--
-- Table structure for table `user_models_useraimodel`
--

DROP TABLE IF EXISTS `user_models_useraimodel`;
/*!40101 SET @saved_cs_client     = @@character_set_client */;
/*!40101 SET character_set_client = utf8 */;
CREATE TABLE `user_models_useraimodel` (
  `id` bigint NOT NULL AUTO_INCREMENT,
  `name` varchar(40) NOT NULL,
  `desc_name` varchar(80) NOT NULL,
  `image` varchar(100) NOT NULL,
  `user_id` int NOT NULL,
  PRIMARY KEY (`id`),
  KEY `user_models_useraimodel_user_id_dedd0b4b_fk_auth_user_id` (`user_id`),
  CONSTRAINT `user_models_useraimodel_user_id_dedd0b4b_fk_auth_user_id` FOREIGN KEY (`user_id`) REFERENCES `auth_user` (`id`)
) ENGINE=InnoDB AUTO_INCREMENT=2 DEFAULT CHARSET=utf8mb4 COLLATE=utf8mb4_0900_ai_ci;
/*!40101 SET character_set_client = @saved_cs_client */;

--
-- Dumping data for table `user_models_useraimodel`
--

LOCK TABLES `user_models_useraimodel` WRITE;
/*!40000 ALTER TABLE `user_models_useraimodel` DISABLE KEYS */;
INSERT INTO `user_models_useraimodel` VALUES (1,'ClModel2','BrainTumorClassification2','models_images/BrainTumorClassification.jpg',1);
/*!40000 ALTER TABLE `user_models_useraimodel` ENABLE KEYS */;
UNLOCK TABLES;

--
-- Table structure for table `user_usernotification`
--

DROP TABLE IF EXISTS `user_usernotification`;
/*!40101 SET @saved_cs_client     = @@character_set_client */;
/*!40101 SET character_set_client = utf8 */;
CREATE TABLE `user_usernotification` (
  `id` bigint NOT NULL AUTO_INCREMENT,
  `message` longtext NOT NULL,
  `created_at` datetime(6) NOT NULL,
  `user_id` int NOT NULL,
  `success_number` int NOT NULL,
  PRIMARY KEY (`id`),
  KEY `user_usernotification_user_id_b5e45341_fk_auth_user_id` (`user_id`),
  CONSTRAINT `user_usernotification_user_id_b5e45341_fk_auth_user_id` FOREIGN KEY (`user_id`) REFERENCES `auth_user` (`id`)
) ENGINE=InnoDB AUTO_INCREMENT=22 DEFAULT CHARSET=utf8mb4 COLLATE=utf8mb4_0900_ai_ci;
/*!40101 SET character_set_client = @saved_cs_client */;

--
-- Dumping data for table `user_usernotification`
--

LOCK TABLES `user_usernotification` WRITE;
/*!40000 ALTER TABLE `user_usernotification` DISABLE KEYS */;
/*!40000 ALTER TABLE `user_usernotification` ENABLE KEYS */;
UNLOCK TABLES;

--
-- Table structure for table `user_userprofile`
--

DROP TABLE IF EXISTS `user_userprofile`;
/*!40101 SET @saved_cs_client     = @@character_set_client */;
/*!40101 SET character_set_client = utf8 */;
CREATE TABLE `user_userprofile` (
  `id` bigint NOT NULL AUTO_INCREMENT,
  `user_id` int NOT NULL,
  `avatar_url` varchar(255) NOT NULL,
  PRIMARY KEY (`id`),
  UNIQUE KEY `user_id` (`user_id`),
  CONSTRAINT `user_userprofile_user_id_2474538d_fk_auth_user_id` FOREIGN KEY (`user_id`) REFERENCES `auth_user` (`id`)
) ENGINE=InnoDB AUTO_INCREMENT=21 DEFAULT CHARSET=utf8mb4 COLLATE=utf8mb4_0900_ai_ci;
/*!40101 SET character_set_client = @saved_cs_client */;

--
-- Dumping data for table `user_userprofile`
--

LOCK TABLES `user_userprofile` WRITE;
/*!40000 ALTER TABLE `user_userprofile` DISABLE KEYS */;
INSERT INTO `user_userprofile` VALUES (1,1,'https://neoaibucket.s3.eu-north-1.amazonaws.com/avatars/neo.png'),(10,26,'https://neoaibucket.s3.eu-north-1.amazonaws.com/avatars/neo3.png'),(11,30,'https://neoaibucket.s3.eu-north-1.amazonaws.com/avatars/neo4.png'),(12,31,'https://neoaibucket.s3.eu-north-1.amazonaws.com/avatars/neo5.png'),(13,32,'https://neoaibucket.s3.eu-north-1.amazonaws.com/avatars/neo6.png'),(14,34,'https://neoaibucket.s3.eu-north-1.amazonaws.com/avatars/neo7.png'),(15,35,'https://neoaibucket.s3.eu-north-1.amazonaws.com/avatars/neo9.png'),(16,37,'https://neoaibucket.s3.eu-north-1.amazonaws.com/avatars/neo8.png'),(17,38,'https://neoaibucket.s3.eu-north-1.amazonaws.com/avatars/neo12.png'),(18,39,'https://neoaibucket.s3.eu-north-1.amazonaws.com/avatars/neo23.png'),(19,40,'https://neoaibucket.s3.eu-north-1.amazonaws.com/avatars/neosdfsdf.png'),(20,42,'https://neoaibucket.s3.eu-north-1.amazonaws.com/avatars/neobruno.png');
/*!40000 ALTER TABLE `user_userprofile` ENABLE KEYS */;
UNLOCK TABLES;
/*!40103 SET TIME_ZONE=@OLD_TIME_ZONE */;

/*!40101 SET SQL_MODE=@OLD_SQL_MODE */;
/*!40014 SET FOREIGN_KEY_CHECKS=@OLD_FOREIGN_KEY_CHECKS */;
/*!40014 SET UNIQUE_CHECKS=@OLD_UNIQUE_CHECKS */;
/*!40101 SET CHARACTER_SET_CLIENT=@OLD_CHARACTER_SET_CLIENT */;
/*!40101 SET CHARACTER_SET_RESULTS=@OLD_CHARACTER_SET_RESULTS */;
/*!40101 SET COLLATION_CONNECTION=@OLD_COLLATION_CONNECTION */;
/*!40111 SET SQL_NOTES=@OLD_SQL_NOTES */;

-- Dump completed on 2024-03-17 20:19:31
